id,feature_1,feature_2,feature_3,feature_4,feature_5,feature_6,feature_7,feature_8,feature_9,feature_10,feature_11,OVD_t1,OVD_t2,OVD_t3,OVD_sum,pay_normal,prod_code,prod_limit,new_balance,highest_balance,model
58999208,4,1331.0,3,341000.0,2,8,9,114,5,72001,345.7383404,0,0,0,0,26,10,85789.7012195122,0.0,62739.0,xgb
58987886,5,1270.0,1,175000.0,2,15,5,110,5,350057,173.20508080000002,0,0,0,0,27,13,85789.7012195122,0.0,37460.0,xgb
54988427,7,1236.0,1,150000.0,2,11,9,110,4,450000,212.1320344,0,0,0,0,25,10,68200.0,56959.2,63606.0,xgb
54983411,5,1286.1657435613404,3,35000.0,2,15,9,113,4,72000,226.508278,0,0,0,0,5,5,85789.7012195122,0.0,800500.0,xgb
54985988,7,1262.0,1,104000.0,2,11,8,107,4,60045,1.0,1,0,0,15,26,10,33000.0,164148.0,137290.0,xgb
58990236,7,1336.0,3,546000.0,2,11,3,80,5,330008,1.0,0,0,0,0,36,10,150700.0,9308.4,88150.0,xgb
58995487,7,1240.0,1,108000.0,2,11,5,110,4,60004,200.0,0,0,0,0,36,13,85789.7012195122,0.0,39500.0,xgb
58984207,5,1306.0,3,91000.0,2,15,5,100,5,450003,173.4358671,0,0,0,0,24,5,85789.7012195122,102003.6,200500.0,xgb
58995080,7,1235.0,1,75000.0,2,11,5,91,5,350092,200.0,3,0,0,3,9,10,82500.0,16772.4,74374.0,xgb
54989095,4,1230.0,3,79000.0,2,8,5,112,4,72015,173.20508080000002,0,0,0,0,21,10,85789.7012195122,13653.6,11878.0,xgb
58993422,7,1282.0,3,84000.0,2,11,5,113,4,60091,158.11388300000002,0,0,0,0,1,6,85789.7012195122,0.0,22000.0,xgb
58993203,7,1286.1657435613404,2,58000.0,2,11,5,113,4,510010,187.08286930000003,0,0,0,0,1,6,85789.7012195122,0.0,27000.0,xgb
58990154,7,1262.0,3,100000.0,2,11,5,113,4,450071,210.9573417,0,0,0,0,3,6,85789.7012195122,13132.8,20200.0,xgb
58993548,7,1230.0,3,114000.0,2,11,5,112,4,72000,254.9509757,0,0,0,0,8,10,46200.0,20281.2,44182.0,xgb
58984128,5,1404.0,1,150000.0,2,15,9,100,5,71002,316.22776600000003,0,0,0,0,10,2,85789.7012195122,5154669.6,8580500.0,xgb
58991271,7,1314.0,1,150000.0,1,11,-1,115,5,72000,1.0,0,0,0,0,1,1,85789.7012195122,0.0,219202.72592781534,xgb
59000887,4,1228.0,3,50000.0,2,8,5,100,3,60027,173.20508080000002,0,0,0,0,11,6,85789.7012195122,0.0,32000.0,xgb
54986068,7,1220.0,3,263000.0,2,11,9,90,2,151300,1.0,0,0,0,0,35,5,85789.7012195122,0.0,200500.0,xgb
59001171,4,1200.0,3,69000.0,2,8,5,104,5,60064,1.0,0,0,0,0,36,10,85789.7012195122,0.0,11780.0,xgb
59000307,4,1337.0,3,410000.0,2,8,5,83,5,60091,1.0,0,0,0,0,27,10,85789.7012195122,616.8,79129.0,xgb
58996401,7,1314.0,1,483000.0,2,11,9,101,3,151300,282.8427125,0,0,0,0,24,10,85789.7012195122,33886.8,62034.0,xgb
58983160,5,1364.0,3,134000.0,2,15,5,83,5,72000,316.22776600000003,5,6,9,2269,14,13,85789.7012195122,0.0,31000.0,xgb
58995787,7,1289.0,3,68000.0,1,11,5,86,3,60016,173.20508080000002,1,0,0,1,7,10,38500.0,28.8,98859.0,xgb
54986167,7,1256.0,3,130000.0,1,11,9,105,5,60058,187.08286930000003,0,0,0,0,27,13,85789.7012195122,0.0,36722.0,xgb
58982511,5,1286.1657435613404,2,160000.0,2,15,-1,85,5,450043,200.0,0,0,0,0,36,10,85789.7012195122,12748.8,74854.0,xgb
58983850,5,1222.0,3,97000.0,2,15,9,109,4,72001,263.3097036,1,0,0,16,35,10,17600.0,0.0,21446.0,xgb
58998938,4,1397.0,3,191000.0,2,8,9,114,4,72000,300.4080558,0,0,0,0,36,10,134200.0,-474.0,26259.0,xgb
58992627,7,1306.0,1,50000.0,2,12,-1,113,3,350061,226.1459706,0,0,0,0,19,10,85789.7012195122,0.0,44646.0,xgb
58998925,4,1312.0,3,150000.0,2,8,9,83,5,60052,1.0,0,0,0,0,36,12,85789.7012195122,24112.8,501.0,xgb
58993461,7,1286.1657435613404,3,50000.0,2,12,-1,114,4,335534,188.769701,0,0,0,0,16,5,85789.7012195122,0.0,50500.0,xgb
54986325,7,1247.0,3,110000.0,2,11,5,91,4,60007,1.0,5,0,0,5,0,1,85789.7012195122,0.0,300500.0,xgb
58997994,4,1349.0,3,139000.0,2,8,5,109,5,151304,212.1320344,0,0,0,0,31,10,40700.0,8631.6,16204.0,xgb
58990417,7,1283.0,3,146000.0,2,11,5,110,4,151300,241.5491668,0,0,0,0,5,5,85789.7012195122,285925.2,250500.0,xgb
58986533,5,1358.0,1,101000.0,2,15,-1,111,5,72000,1.0,0,0,0,0,10,13,85789.7012195122,34911.6,44500.0,xgb
58988855,7,1328.0,3,163000.0,2,11,9,79,5,60062,1.0,0,0,0,0,1,10,84700.0,-445.2,3869.0,xgb
54988259,7,1218.0,3,67000.0,1,11,5,114,4,72000,237.0442997,0,0,0,0,3,10,48400.0,11256.0,19831.0,xgb
58983073,5,1229.0,3,100000.0,2,15,5,102,5,60060,178.8854382,0,0,0,0,23,10,110000.0,68848.8,89051.0,xgb
54985410,7,1304.0,3,290000.0,2,11,5,111,4,60000,310.3836336,1,0,0,21,31,10,52801.0,0.0,55270.0,xgb
58989171,7,1289.0,3,305000.0,1,11,5,110,5,60033,236.6431913,8,8,0,640,15,1,85789.7012195122,0.0,161430.0,xgb
58991228,7,1286.1657435613404,2,128000.0,2,11,9,111,4,151300,206.5187643,0,0,0,0,2,5,85789.7012195122,0.0,200500.0,xgb
58987077,5,1270.0,1,77000.0,1,15,-1,84,5,450000,167.33200530000002,6,0,0,38,5,10,85789.7012195122,-1.2,29305.0,xgb
59005917,4,1266.0,1,104000.0,2,8,-1,92,5,60036,1.0,0,0,0,0,4,10,105600.0,12062.4,14742.0,xgb
54989251,4,1264.0,3,100000.0,2,8,5,64,5,60047,1.0,0,0,0,0,0,10,85789.7012195122,0.0,219202.72592781534,xgb
58989891,7,1286.1657435613404,2,63000.0,2,11,5,84,5,60019,158.11388300000002,0,0,0,0,7,6,85789.7012195122,4252.8,14700.0,xgb
59004828,4,1274.0,1,132000.0,2,8,5,107,3,60016,202.4845673,0,0,0,0,3,10,88000.0,3196.8,6193.0,xgb
59005490,4,1288.0,1,110000.0,2,8,5,89,5,72049,190.9345438,0,0,0,0,15,10,85789.7012195122,10545.6,40678.0,xgb
54990497,4,1286.1657435613404,2,35000.0,2,8,5,101,3,60029,237.301496,0,0,0,0,1,10,85789.7012195122,0.0,219202.72592781534,xgb
54986797,7,1254.0,3,81000.0,2,11,5,110,5,60057,200.0,0,0,0,0,35,5,85789.7012195122,0.0,152500.0,xgb
58989150,7,1328.0,3,182000.0,2,11,5,98,5,72001,173.20508080000002,0,0,0,0,6,10,85789.7012195122,0.0,1256.0,xgb
58982909,5,1252.0,3,113000.0,2,15,5,85,5,60084,212.0943186,0,0,0,0,0,1,85789.7012195122,0.0,198500.0,xgb
58997876,4,1364.0,3,194000.0,2,8,5,110,5,151004,223.6067977,0,0,0,0,33,10,85789.7012195122,0.0,219202.72592781534,xgb
54987756,7,1258.0,3,144000.0,2,11,5,114,3,60028,1.0,1,0,0,1,35,10,66000.0,49111.2,75296.0,xgb
59004230,4,1277.0,3,100000.0,2,8,5,100,5,60000,223.6067977,0,0,0,0,6,6,85789.7012195122,18000.0,45500.0,xgb
59003935,4,1308.0,1,125000.0,1,8,5,104,3,72000,181.6590212,0,0,0,0,6,6,85789.7012195122,5160.0,13400.0,xgb
54982913,5,1288.0,3,163000.0,2,15,5,90,5,72014,200.0,0,0,0,0,14,10,85789.7012195122,4400.4,8987.0,xgb
58987210,5,1223.0,3,90000.0,2,15,5,101,3,450091,223.6067977,0,0,0,0,25,10,123750.0,15826.8,42218.0,xgb
59004489,4,1262.0,3,155000.0,2,8,5,110,4,72001,248.3022352,0,0,0,0,0,10,85789.7012195122,0.0,11874.0,xgb
54988624,7,1274.0,1,120000.0,2,11,5,84,5,151300,1.0,0,0,0,0,32,10,77000.0,0.0,63106.0,xgb
54986288,7,1278.0,1,105000.0,2,11,-1,112,4,450002,158.11388300000002,0,0,0,0,15,13,85789.7012195122,0.0,38500.0,xgb
58990235,7,1282.0,1,304000.0,2,11,-1,111,4,450001,244.94897430000003,0,0,0,0,6,10,68750.0,-3.6,50477.0,xgb
54984766,5,1283.0,3,90000.0,2,15,5,112,4,510094,189.7366596,0,0,4,600,1,10,11000.0,0.0,27751.0,xgb
58999934,4,1294.0,1,114000.0,2,8,5,111,4,72001,1.0,0,0,0,0,11,10,85789.7012195122,-51.6,7221.0,xgb
54991470,4,1338.0,1,150000.0,2,8,5,110,5,60029,316.22776600000003,0,0,0,0,19,10,85789.7012195122,0.0,7645.0,xgb
54985523,7,1223.0,3,97000.0,2,11,5,109,3,450003,187.08286930000003,0,0,0,0,22,10,30800.0,0.0,18256.0,xgb
58997686,4,1250.0,1,87000.0,2,8,5,105,5,60069,212.1320344,0,0,0,0,36,10,85789.7012195122,21253.2,59115.0,xgb
59005448,4,1232.0,3,100000.0,2,8,5,95,3,350012,200.0,0,0,0,0,36,10,85789.7012195122,5763.6,34820.0,xgb
58982371,1,1286.1657435613404,2,500000.0,2,5,-1,70,5,350020,1.0,0,0,0,0,1,10,85789.7012195122,0.0,219202.72592781534,xgb
54985432,7,1260.0,3,115000.0,2,11,5,85,5,60084,1.0,0,0,0,0,31,10,66000.0,0.0,79320.0,xgb
59004946,4,1266.0,1,120000.0,1,8,5,109,4,60023,187.08286930000003,0,0,0,0,12,10,85789.7012195122,14769.6,56025.0,xgb
54988052,7,1350.0,1,110000.0,2,11,-1,108,5,71000,1.0,0,0,0,0,4,5,85789.7012195122,267410.4,260500.0,xgb
54983466,5,1274.0,3,127000.0,2,15,9,113,4,72001,212.1320344,0,0,0,0,5,10,82500.0,0.0,9409.0,xgb
58998405,4,1214.0,3,81000.0,2,8,5,111,1,60043,202.4845673,0,0,0,0,2,10,85789.7012195122,931.2,1336.0,xgb
58993948,7,1241.0,3,63000.0,2,11,5,112,4,60057,1.0,0,0,0,0,13,10,85789.7012195122,33967.2,48756.0,xgb
58988212,5,1228.0,3,35000.0,2,15,4,105,5,510099,316.22776600000003,0,0,0,0,36,10,202950.0,1216.8,78434.0,xgb
54988158,7,1348.0,1,392000.0,2,11,4,114,4,60018,1.0,0,0,0,0,3,12,85789.7012195122,0.0,219202.72592781534,xgb
58994468,7,1283.0,3,100000.0,2,11,5,95,3,332444,1.0,0,0,0,0,4,10,151800.0,-338.4,13718.0,xgb
59003959,4,1286.1657435613404,2,57000.0,2,8,5,107,5,151300,194.9358869,0,0,0,0,25,10,85789.7012195122,21172.8,47290.0,xgb
59000231,4,1426.0,3,146000.0,2,8,5,113,5,60062,1.0,1,1,0,82,4,13,85789.7012195122,0.0,25500.0,xgb
59001195,4,1312.0,3,147000.0,2,8,5,98,4,72000,187.08286930000003,0,0,0,0,11,10,85789.7012195122,26270.4,74639.0,xgb
58992482,7,1286.1657435613404,2,51000.0,2,11,5,110,4,550013,182.7977024,0,0,0,0,1,5,85789.7012195122,300000.0,250500.0,xgb
58988196,5,1289.0,1,173000.0,2,15,5,112,3,350702,200.0,0,0,0,0,15,10,85789.7012195122,9250.8,219202.72592781534,xgb
54988608,7,1214.0,3,60000.0,2,11,9,108,4,151300,158.11388300000002,0,0,0,0,21,5,85789.7012195122,151113.6,170500.0,xgb
59002731,4,1241.0,3,30000.0,2,8,9,114,3,151300,1.0,0,0,0,0,4,10,85789.7012195122,18199.2,219202.72592781534,xgb
54992408,4,1314.0,1,53000.0,2,8,5,103,5,151300,187.5393292,0,0,0,0,1,2,85789.7012195122,0.0,219202.72592781534,xgb
54987675,7,1258.0,3,126000.0,2,11,5,105,3,151300,1.0,6,4,2,630,6,10,85789.7012195122,0.0,42500.0,xgb
58997200,7,1376.0,1,150000.0,2,11,-1,110,4,60000,219.2487172,0,0,0,0,1,6,85789.7012195122,0.0,35490.0,xgb
58998578,4,1192.0,3,50000.0,2,8,5,106,5,60090,1.0,0,0,0,0,5,6,85789.7012195122,0.0,48500.0,xgb
54984774,5,1278.0,3,35000.0,2,15,5,80,5,60005,1.0,0,0,0,0,35,10,85789.7012195122,0.0,26602.0,xgb
54991827,4,1343.0,1,128000.0,2,8,-1,107,5,361022,1.0,0,0,0,0,3,10,60500.0,24163.2,24036.0,xgb
58991921,7,1301.0,1,75000.0,2,11,7,112,4,72000,1.0,0,0,0,0,8,5,85789.7012195122,0.0,200500.0,xgb
58997216,7,1340.0,1,296000.0,2,11,5,110,5,72000,1.0,0,0,0,0,26,10,85789.7012195122,2460.0,35921.0,xgb
59000822,4,1276.0,3,284000.0,2,8,5,107,5,60000,1.0,0,0,0,0,36,10,85789.7012195122,0.0,17480.0,xgb
58998646,4,1294.0,1,458000.0,2,8,-1,75,5,340017,200.0,0,0,0,0,2,6,85789.7012195122,0.0,35678.0,xgb
58993081,7,1216.0,3,35000.0,2,11,9,113,4,60038,1.0,0,0,0,0,9,6,85789.7012195122,0.0,33000.0,xgb
58995381,7,1220.0,3,76000.0,2,11,2,90,5,71002,1.0,1,0,0,4,22,10,85789.7012195122,14793.6,81160.0,xgb
58996112,7,1248.0,3,76000.0,2,11,5,95,3,72000,200.0,0,0,0,0,10,5,85789.7012195122,184940.4,180500.0,xgb
59002213,4,1306.0,1,123000.0,2,8,5,106,3,330008,1.0,0,0,0,0,2,6,85789.7012195122,0.0,18500.0,xgb
58983813,5,1292.0,3,172000.0,2,15,8,113,5,350092,223.6067977,0,0,0,0,1,10,128700.0,4084.8,3904.0,xgb
54982579,5,1338.0,3,325000.0,2,15,5,110,5,60033,316.22776600000003,0,0,0,0,1,1,85789.7012195122,0.0,270500.0,xgb
54986688,7,1319.0,3,177000.0,2,11,5,112,3,60042,1.0,0,0,0,0,5,1,85789.7012195122,313273.2,280500.0,xgb
58999633,4,1296.0,3,250000.0,2,8,5,105,3,60033,200.0,0,0,0,0,12,10,11000.0,0.0,1530.0,xgb
59001486,4,1295.0,1,30000.0,2,8,-1,93,5,350052,316.22776600000003,0,0,0,0,0,6,85789.7012195122,0.0,18435.0,xgb
58989033,7,1336.0,3,126000.0,2,11,5,83,5,60051,1.0,0,0,0,0,29,10,124300.0,41032.8,134477.0,xgb
54983198,5,1230.0,3,78000.0,2,15,5,85,5,72000,232.3790008,0,0,0,0,1,10,17600.0,0.0,16376.0,xgb
58983791,5,1216.0,3,100000.0,2,15,5,110,5,450015,258.08525719999994,0,0,0,0,0,6,85789.7012195122,0.0,26500.0,xgb
58994395,7,1282.0,3,99000.0,2,11,9,114,5,60052,1.0,0,0,0,0,11,6,85789.7012195122,67226.4,125008.0,xgb
54983331,5,1241.0,3,30000.0,2,15,5,80,5,60006,1.0,0,0,0,0,7,0,85789.7012195122,91752.0,75500.0,xgb
58991782,7,1229.0,3,50000.0,2,12,-1,103,3,350061,200.2398562,0,0,0,0,1,6,85789.7012195122,0.0,54550.0,xgb
58991302,7,1290.0,1,108000.0,1,11,5,95,5,60064,1.0,0,0,0,0,0,6,85789.7012195122,0.0,22000.0,xgb
58992082,7,1296.0,1,76000.0,2,11,10,113,4,72001,1.0,0,0,0,0,25,5,85789.7012195122,354070.8,450500.0,xgb
59001343,4,1272.0,3,170000.0,2,8,5,110,4,60019,1.0,0,0,0,0,27,10,85789.7012195122,0.0,19025.0,xgb
54982916,5,1352.0,3,88000.0,2,15,9,101,5,350091,198.1464105,0,0,0,0,17,10,85789.7012195122,0.0,17499.0,xgb
59002231,4,1354.0,3,125000.0,2,8,9,107,5,60093,1.0,0,0,0,0,9,10,132000.0,40628.4,115788.0,xgb
58994911,7,1250.0,3,60000.0,2,11,5,114,4,72001,707.1067812000001,0,0,0,0,4,6,85789.7012195122,0.0,16500.0,xgb
59004716,4,1268.0,1,104000.0,2,8,9,95,5,60027,1.0,0,0,0,0,28,13,85789.7012195122,23746.8,74500.0,xgb
59001353,4,1256.0,3,120000.0,2,8,5,105,5,72015,1.0,0,0,0,0,5,5,85789.7012195122,0.0,232022.0,xgb
58991640,7,1310.0,1,140000.0,2,11,5,90,5,60002,200.0,0,0,0,0,36,10,85789.7012195122,0.0,36885.0,xgb
54984680,5,1170.0,3,100000.0,2,15,5,86,5,350092,200.0,2,0,0,2,32,10,55000.0,4755.6,20128.0,xgb
58986657,5,1322.0,3,71000.0,2,15,5,114,4,510034,216.374675,0,0,0,0,27,5,85789.7012195122,469009.2,600500.0,xgb
58995594,7,1254.0,3,97000.0,2,11,5,83,3,60017,282.8427125,0,0,0,0,35,10,48400.0,30867.6,56324.0,xgb
58990628,7,1336.0,3,150000.0,2,11,9,105,5,350050,412.3105626,0,0,0,0,32,10,83600.0,0.0,70197.0,xgb
58994299,7,1340.0,1,99000.0,2,11,-1,85,5,350069,181.10770280000003,0,0,0,0,1,5,85789.7012195122,0.0,81500.0,xgb
58999709,4,1314.0,3,176000.0,2,8,9,114,4,72049,241.8470591,0,0,0,0,6,6,85789.7012195122,20578.8,34803.0,xgb
54984810,5,1241.0,3,60000.0,2,15,5,90,5,60000,200.0,0,0,0,0,11,10,62700.0,418.8,55071.0,xgb
58985870,5,1258.0,3,95000.0,2,15,5,93,5,60036,1.0,0,0,0,0,5,10,85789.7012195122,-356.4,15731.0,xgb
54986029,7,1286.1657435613404,2,127000.0,2,11,-1,110,4,450063,200.0,0,0,0,0,0,6,85789.7012195122,0.0,35999.0,xgb
58993672,7,1415.0,3,155000.0,2,11,5,107,3,60005,212.1320344,0,0,0,0,20,2,85789.7012195122,1447359.6,1600500.0,xgb
54985621,7,1338.0,3,162000.0,2,11,5,108,5,151300,200.0,0,0,0,0,0,10,85789.7012195122,-33.6,10660.0,xgb
54988630,7,1330.0,1,115000.0,2,11,-1,86,3,341349,141.4213562,0,0,0,0,23,5,85789.7012195122,75573.6,100500.0,xgb
58989270,7,1362.0,1,150000.0,2,11,-1,90,5,350020,316.22776600000003,0,0,0,0,2,10,85789.7012195122,0.0,219202.72592781534,xgb
54987336,7,1308.0,3,194000.0,2,11,5,105,4,60051,223.6067977,0,0,0,0,1,10,27500.0,0.0,26139.0,xgb
58985236,5,1265.0,3,135000.0,2,15,5,100,5,151300,231.721816,0,0,0,0,5,10,85789.7012195122,0.0,2515.0,xgb
59005860,4,1256.0,1,68000.0,2,8,5,105,3,350058,163.86885,0,0,0,0,31,10,117700.0,57193.2,96940.0,xgb
58985868,5,1218.0,3,215000.0,2,15,5,82,5,60016,1.0,0,0,0,0,6,10,62700.0,-1.2,35367.0,xgb
54991497,4,1348.0,1,138000.0,2,8,5,102,5,60013,181.6590212,0,0,0,0,1,13,85789.7012195122,25976.4,26662.0,xgb
58983376,5,1272.0,3,49000.0,2,15,-1,86,5,330004,200.0,0,0,0,0,10,6,85789.7012195122,0.0,17370.0,xgb
54986232,7,1272.0,3,138000.0,2,11,5,71,3,60023,1.0,0,0,0,0,4,10,85789.7012195122,0.0,53422.0,xgb
58991938,7,1289.0,1,97000.0,2,11,9,110,3,72008,200.0,0,0,0,0,19,1,85789.7012195122,253380.0,300500.0,xgb
58983946,5,1338.0,3,107000.0,2,15,5,113,4,72000,1.0,2,2,12,3955,5,6,85789.7012195122,0.0,18500.0,xgb
58989709,7,1352.0,3,71000.0,2,11,5,104,5,60093,1.0,0,0,0,0,25,10,85789.7012195122,16939.2,30066.0,xgb
58988902,7,1288.0,3,164000.0,2,11,5,100,5,60026,282.8427125,0,0,0,0,19,10,64900.0,6990.0,26553.0,xgb
58998566,4,1282.0,3,304000.0,2,8,5,84,3,60024,1.0,0,0,0,0,14,5,85789.7012195122,226399.2,235500.0,xgb
58989236,7,1268.0,3,90000.0,2,11,5,86,5,71002,1.0,0,0,0,0,12,10,82500.0,15727.2,57083.0,xgb
59006193,7,1268.0,3,162000.0,2,11,5,113,4,450081,141.4213562,0,0,0,0,3,10,85789.7012195122,0.0,12770.0,xgb
58996773,7,1214.0,3,74000.0,2,11,5,110,4,60058,204.9390153,0,0,0,0,9,10,101200.0,65625.6,94867.0,xgb
54986049,7,1268.0,1,379000.0,2,11,-1,108,5,151304,389.0372733,1,2,8,1943,7,1,85789.7012195122,0.0,266500.0,xgb
54984913,5,1229.0,3,50000.0,2,15,9,110,5,450071,200.0,0,0,0,0,1,10,85789.7012195122,0.0,12408.0,xgb
58987512,5,1302.0,3,211000.0,2,15,5,87,3,72000,1.0,0,0,0,0,14,10,85789.7012195122,0.0,219202.72592781534,xgb
59000580,4,1244.0,3,116000.0,2,8,5,111,4,60002,1.0,0,0,0,0,12,10,127600.0,22935.6,33800.0,xgb
58982668,5,1316.0,3,500000.0,2,15,5,104,5,72000,316.22776600000003,0,0,0,0,10,10,270600.0,80.4,6249.0,xgb
58999718,4,1308.0,3,312000.0,2,8,8,89,5,60014,1.0,0,0,0,0,36,10,176000.0,108310.8,144417.0,xgb
58999145,4,1262.0,3,185000.0,2,8,5,105,5,151300,173.20508080000002,0,0,0,0,15,5,85789.7012195122,300886.8,300500.0,xgb
54991896,4,1328.0,1,150000.0,2,8,5,107,3,332414,1.0,0,0,0,0,15,13,85789.7012195122,24570.0,44000.0,xgb
54985820,7,1286.1657435613404,3,100000.0,2,11,-1,110,5,450002,167.33200530000002,0,0,0,0,13,10,110000.0,33213.6,79000.0,xgb
58988028,5,1288.0,1,126000.0,2,15,5,107,3,350071,316.22776600000003,0,0,0,0,15,6,85789.7012195122,1323.6,20490.0,xgb
58986950,5,1308.0,3,131000.0,1,15,5,110,5,72000,1.0,0,0,0,0,19,10,85789.7012195122,138172.8,152585.0,xgb
58998583,4,1310.0,3,129000.0,1,8,5,100,5,151300,181.6590212,0,0,0,0,15,10,85789.7012195122,2002.8,34495.0,xgb
58987165,5,1318.0,1,89000.0,2,15,9,114,4,450080,178.1375873,0,0,0,0,25,10,95700.0,103434.0,86695.0,xgb
58998706,4,1286.1657435613404,2,90000.0,2,8,5,79,5,72001,173.20508080000002,0,0,0,0,5,10,118800.0,82926.0,91527.0,xgb
59000502,4,1324.0,1,127000.0,2,8,5,109,4,60077,223.6067977,0,0,0,0,22,10,85789.7012195122,0.0,45499.0,xgb
54990275,4,1286.1657435613404,2,94000.0,2,8,9,81,5,71000,176.5389475,0,0,0,0,11,19,85789.7012195122,156990.0,170500.0,xgb
58991343,7,1358.0,3,500000.0,2,11,2,112,5,510000,316.22776600000003,0,0,0,0,6,10,85789.7012195122,0.0,3714.0,xgb
58987924,5,1236.0,1,104000.0,2,15,3,112,3,550016,200.0,0,0,0,0,11,26,85789.7012195122,0.0,21500.0,xgb
54985058,7,1266.0,3,227000.0,2,11,9,112,4,151300,254.9509757,0,0,0,0,2,10,85789.7012195122,8028.0,219202.72592781534,xgb
59006239,7,1322.0,3,68000.0,2,11,5,86,3,72015,1.0,0,0,0,0,12,10,85789.7012195122,2492.4,15440.0,xgb
54985241,7,1276.0,3,90000.0,2,11,5,110,4,450015,212.1320344,0,0,0,0,13,10,66000.0,3812.4,60500.0,xgb
58994346,7,1298.0,1,100000.0,2,11,9,112,4,552104,178.8854382,1,6,2,549,27,10,85789.7012195122,0.0,41768.0,xgb
58991759,7,1252.0,3,103000.0,2,11,9,108,4,60095,234.520788,0,0,0,0,0,10,85789.7012195122,0.0,32423.0,xgb
54982859,5,1322.0,3,154000.0,2,15,5,110,5,72000,204.9390153,0,0,0,0,14,10,67100.0,0.0,11428.0,xgb
59000853,4,1306.0,1,118000.0,2,8,9,112,4,151300,223.6067977,1,0,0,19,18,13,85789.7012195122,0.0,32500.0,xgb
58992687,7,1286.1657435613404,3,72000.0,2,11,-1,107,4,450048,141.4213562,0,0,0,0,30,10,138600.0,92751.6,94917.0,xgb
54982353,1,1130.0,2,1000000.0,2,4,-1,100,5,650018,1.0,0,0,0,0,1,10,85789.7012195122,0.0,219202.72592781534,xgb
58988505,7,1361.0,3,77000.0,1,11,5,103,5,72000,200.0,0,0,0,0,2,1,85789.7012195122,826604.4,700500.0,xgb
58993253,7,1328.0,1,127000.0,2,11,-1,112,4,60043,1.0,0,0,0,0,28,10,85789.7012195122,2077.2,39462.0,xgb
58987402,5,1241.0,3,62000.0,2,15,9,95,4,60023,1.0,0,0,0,0,2,10,113300.0,7938.0,7115.0,xgb
54985176,7,1328.0,3,71000.0,2,11,5,109,5,60004,444.4738462,0,4,9,1972,11,10,22000.0,0.0,39114.0,xgb
58988853,7,1290.0,3,116000.0,1,11,5,109,4,60062,196.4942747,0,0,0,0,1,6,85789.7012195122,0.0,32500.0,xgb
54992448,7,1350.0,1,137000.0,2,11,5,100,3,60048,178.8854382,0,0,0,0,2,5,85789.7012195122,174298.8,160500.0,xgb
54982897,5,1258.0,3,102000.0,2,15,2,80,3,60005,223.6067977,0,0,0,0,9,6,85789.7012195122,0.0,24700.0,xgb
58995052,7,1314.0,1,97000.0,2,11,9,90,3,60005,221.3594362,0,0,0,0,16,10,85789.7012195122,7885.2,63967.0,xgb
58993153,7,1228.0,3,68000.0,2,11,5,114,3,345009,192.3538406,0,0,0,0,15,10,85789.7012195122,19916.4,46165.0,xgb
58999263,4,1318.0,3,81000.0,2,8,5,90,5,60038,1.0,3,0,0,52,33,10,85789.7012195122,1236.0,23588.0,xgb
54983470,5,1238.0,3,104000.0,2,15,7,110,4,450075,243.0370342,0,0,0,0,35,10,33000.0,25465.2,60861.0,xgb
58982721,5,1270.0,3,86000.0,2,15,9,89,5,60019,1.0,0,0,0,0,17,10,57200.0,46681.2,54742.0,xgb
58982803,5,1272.0,3,143000.0,2,15,5,114,4,72001,223.6067977,0,0,0,0,11,5,85789.7012195122,31525.2,100500.0,xgb
54989304,4,1238.0,3,125000.0,2,8,9,85,5,60002,1.0,0,0,0,0,4,10,85789.7012195122,0.0,9817.0,xgb
54987807,7,1228.0,3,64000.0,2,11,5,76,3,60005,212.1320344,0,0,0,0,11,6,85789.7012195122,0.0,19900.0,xgb
54989180,4,1241.0,3,68000.0,2,8,5,107,5,72000,173.20508080000002,0,0,0,0,23,10,85789.7012195122,23126.4,25094.0,xgb
58985806,5,1326.0,3,133000.0,2,15,5,110,5,71000,1.0,0,0,0,0,29,10,85789.7012195122,33400.8,76508.0,xgb
59000851,4,1302.0,3,410000.0,2,8,9,84,5,60018,1.0,0,0,0,0,21,10,22000.0,0.0,20263.0,xgb
59004966,4,1286.1657435613404,2,39000.0,2,8,5,113,4,72015,172.4731863,0,0,0,0,10,10,85789.7012195122,20221.2,21779.0,xgb
58987035,5,1414.0,1,204000.0,2,15,9,107,5,350002,200.0,0,0,0,0,36,2,85789.7012195122,0.0,819795.0,xgb
59002534,4,1242.0,3,70000.0,1,8,5,103,3,60040,181.6590212,0,0,0,0,28,10,33000.0,25430.4,46209.0,xgb
59003717,4,1286.1657435613404,2,86000.0,2,8,5,114,5,151300,169.1123887,0,0,0,0,17,10,85789.7012195122,-1227.6,10134.0,xgb
58992849,7,1380.0,3,271000.0,2,11,9,81,5,60027,300.1299718,0,0,0,0,9,13,85789.7012195122,17227.2,78300.0,xgb
58993040,7,1235.0,3,89000.0,2,11,5,115,5,60065,1.0,0,0,0,0,19,10,106700.0,117384.0,104144.0,xgb
54986472,7,1250.0,3,82000.0,2,11,5,105,5,72000,1.0,0,0,0,0,14,10,27500.0,15478.8,25038.0,xgb
59002314,4,1318.0,3,293000.0,2,8,5,100,5,60018,1.0,0,0,0,0,35,10,247500.0,21412.8,201306.0,xgb
54985745,7,1224.0,3,312000.0,2,11,9,99,5,60084,1.0,0,0,0,0,10,6,85789.7012195122,0.0,25000.0,xgb
54982998,5,1284.0,3,132000.0,2,15,9,109,5,151009,228.9847156,1,0,0,1,28,10,275000.0,0.0,136068.0,xgb
58995283,7,1229.0,1,170000.0,1,11,5,91,3,550115,244.94897430000003,0,0,0,0,0,6,85789.7012195122,0.0,42149.0,xgb
58993212,7,1324.0,1,117000.0,2,11,9,112,4,550001,230.2172887,4,0,0,120,31,5,85789.7012195122,0.0,100500.0,xgb
58997265,4,1386.0,3,296000.0,2,9,5,109,5,151300,223.6067977,0,0,0,0,30,10,52800.0,0.0,48500.0,xgb
59005841,4,1308.0,1,123000.0,2,8,5,84,3,151300,173.20508080000002,0,0,0,0,36,10,41800.0,0.0,32393.0,xgb
59001833,4,1250.0,3,95000.0,2,8,9,111,4,60047,1.0,0,0,0,0,21,10,85789.7012195122,0.0,37712.0,xgb
58990734,7,1278.0,1,88000.0,2,11,-1,89,5,60001,1.0,0,0,0,0,3,10,85789.7012195122,0.0,1171.0,xgb
58989956,7,1284.0,1,82000.0,2,11,-1,103,4,450019,214.4761059,0,0,0,0,7,10,85789.7012195122,8122.8,7269.0,xgb
58996802,7,1292.0,1,132000.0,2,11,5,64,3,60018,187.08286930000003,0,0,0,0,3,6,85789.7012195122,23520.0,28500.0,xgb
58989600,7,1294.0,3,149000.0,2,11,9,84,5,151300,202.4845673,0,0,0,0,20,10,125400.0,100155.6,121376.0,xgb
54991090,4,1379.0,3,489000.0,2,8,9,99,5,72001,223.6067977,0,0,0,0,36,10,85789.7012195122,0.0,219202.72592781534,xgb
59005413,4,1226.0,3,73000.0,1,8,5,104,5,60058,158.11388300000002,0,0,0,0,31,10,85789.7012195122,33685.2,50506.0,xgb
59002317,4,1266.0,3,87000.0,2,8,-1,98,5,361029,1.0,0,0,0,0,0,6,85789.7012195122,0.0,18000.0,xgb
58994215,7,1352.0,1,142000.0,2,11,9,111,4,60036,1.0,0,0,0,0,26,5,85789.7012195122,134289.6,200500.0,xgb
58991182,7,1244.0,3,84000.0,2,11,5,108,4,72000,1.0,1,2,2,450,22,10,68200.0,-142.8,2812.0,xgb
58988787,7,1286.1657435613404,2,83000.0,2,11,9,85,5,72000,1.0,0,0,0,0,9,10,85789.7012195122,16532.4,14277.0,xgb
58988486,7,1187.0,3,90000.0,2,11,5,100,5,60093,1.0,0,0,0,0,28,19,85789.7012195122,72639.6,204879.0,xgb
58992063,7,1138.0,3,88000.0,2,11,-1,107,4,450081,158.11388300000002,0,0,0,0,9,10,85789.7012195122,8664.0,7720.0,xgb
54990270,4,1308.0,3,144000.0,2,8,5,107,5,60016,1.0,0,0,0,0,1,10,159500.0,759.6,1133.0,xgb
54991742,4,1246.0,3,50000.0,2,8,5,88,3,340017,300.0,0,0,0,0,2,5,85789.7012195122,211966.8,200500.0,xgb
54985606,7,1320.0,1,140000.0,2,11,-1,108,4,550039,189.7366596,0,0,0,0,6,10,85789.7012195122,-6284.4,219202.72592781534,xgb
58983266,5,1210.0,3,35000.0,2,15,5,78,5,71000,227.015418,0,0,0,0,16,13,85789.7012195122,0.0,31500.0,xgb
59001692,4,1258.0,1,110000.0,2,8,5,89,3,350063,189.7366596,0,0,0,0,18,10,55000.0,16112.4,53011.0,xgb
59002318,4,1224.0,3,59000.0,2,8,5,80,3,60044,200.0,1,0,0,3,34,10,85789.7012195122,405.6,49887.0,xgb
58998715,4,1376.0,3,77000.0,2,8,9,113,5,151300,225.8362238,0,0,0,0,7,6,85789.7012195122,6792.0,34500.0,xgb
59005708,4,1356.0,1,148000.0,2,8,5,83,3,60001,1.0,0,0,0,0,17,5,85789.7012195122,0.0,40500.0,xgb
58987426,5,1277.0,1,142000.0,2,15,-1,111,4,450002,197.4841766,0,0,0,0,34,10,85789.7012195122,0.0,165391.0,xgb
54989125,4,1373.0,3,369000.0,2,8,7,108,5,330005,350.5923559,0,0,0,0,1,6,85789.7012195122,0.0,37990.0,xgb
54988329,7,1216.0,3,67000.0,2,11,5,95,3,151306,134.95554819999998,0,0,0,0,2,5,85789.7012195122,59666.4,67500.0,xgb
59001375,4,1306.0,3,65000.0,2,8,9,80,5,60041,204.9390153,0,0,0,0,18,10,85789.7012195122,5385.6,29889.0,xgb
58992002,7,1366.0,1,96000.0,2,11,-1,78,3,60025,178.8854382,0,0,0,0,18,19,85789.7012195122,0.0,207284.0,xgb
54985177,7,1262.0,3,121000.0,2,11,5,106,5,151300,387.356425,0,0,0,0,8,10,85789.7012195122,53198.4,44832.0,xgb
58990187,7,1364.0,3,260000.0,2,11,5,96,5,60007,1.0,0,0,0,0,23,12,85789.7012195122,48302.4,45500.0,xgb
54985821,7,1277.0,3,243000.0,2,11,5,83,5,60087,1.0,0,0,0,0,36,10,66000.0,0.0,60494.0,xgb
54989201,4,1286.1657435613404,2,98000.0,1,8,5,109,4,72050,181.1435895,0,0,0,0,15,10,85789.7012195122,0.0,46457.0,xgb
58993180,7,1286.0,1,110000.0,2,11,5,112,5,60033,1.0,0,0,0,0,4,10,85789.7012195122,0.0,59336.0,xgb
58991841,7,1286.0,3,260000.0,2,11,5,109,3,151300,1.0,0,0,0,0,31,1,85789.7012195122,230995.2,328500.0,xgb
54987199,7,1330.0,1,150000.0,2,11,-1,86,5,60036,1.0,0,0,0,0,8,6,85789.7012195122,19260.0,48650.0,xgb
54988645,7,1350.0,1,235000.0,2,11,5,113,3,350704,360.5551275,0,0,0,0,8,10,275000.0,4101.6,36093.0,xgb
54987682,7,1290.0,1,119000.0,2,11,9,114,4,591017,1.0,0,0,0,0,11,10,85789.7012195122,0.0,32623.0,xgb
58999688,4,1286.1657435613404,2,130000.0,2,8,5,73,5,60024,207.8605302,0,0,0,0,1,5,85789.7012195122,0.0,251458.0,xgb
58995478,7,1301.0,1,77000.0,2,11,5,95,3,450000,173.20508080000002,0,0,0,0,1,6,85789.7012195122,0.0,22235.0,xgb
58986716,5,1296.0,3,289000.0,2,15,5,95,5,450027,310.1612484,0,0,0,0,1,5,85789.7012195122,0.0,156500.0,xgb
58988871,7,1259.0,3,147000.0,2,11,9,110,5,350029,421.0700654,3,0,0,90,12,10,85789.7012195122,0.0,219202.72592781534,xgb
58985578,5,1312.0,3,115000.0,2,15,9,88,5,60014,200.0,0,0,0,0,1,12,85789.7012195122,0.0,19250.0,xgb
58997719,4,1223.0,3,63000.0,2,8,5,91,5,60095,228.035085,0,0,0,0,3,10,69300.0,8596.8,25587.0,xgb
58994224,7,1274.0,1,328000.0,2,11,-1,82,5,450000,244.94897430000003,0,0,0,0,32,10,27500.0,-76.8,13984.0,xgb
58992344,7,1296.0,3,80000.0,2,11,5,112,3,60069,1.0,0,0,0,0,2,6,85789.7012195122,10692.0,15775.0,xgb
54992137,4,1286.1657435613404,2,83000.0,2,8,5,110,3,71000,1.0,0,0,0,0,1,1,85789.7012195122,178448.4,159943.0,xgb
54989325,4,1286.1657435613404,2,49000.0,2,8,-1,113,4,72001,180.7235458,0,0,0,0,8,10,73700.0,7627.2,62139.0,xgb
58992325,7,1264.0,3,148000.0,2,11,5,90,5,60017,1.0,0,0,0,0,36,10,85789.7012195122,9714.0,50959.0,xgb
58988250,5,1242.0,3,30000.0,2,15,5,80,3,60050,200.0,0,0,0,0,4,6,85789.7012195122,45196.8,57000.0,xgb
54983601,5,1241.0,3,35000.0,2,15,5,104,5,151300,243.3536521,0,0,0,0,11,10,85789.7012195122,135595.2,120517.0,xgb
54989484,4,1313.0,3,328000.0,2,8,5,90,5,151300,1.0,0,0,0,0,1,10,149600.0,0.0,20800.0,xgb
58992588,7,1288.0,3,144000.0,2,11,5,114,4,72000,221.3594362,0,0,0,0,7,10,39600.0,-1.2,8637.0,xgb
58989220,7,1223.0,3,73000.0,2,11,9,111,4,350092,200.0,0,0,0,0,4,10,85789.7012195122,7773.6,35074.0,xgb
58993803,7,1286.1657435613404,2,370000.0,2,11,-1,85,3,350096,351.0911563,0,0,0,0,3,5,85789.7012195122,0.0,200500.0,xgb
58987368,5,1220.0,3,64000.0,2,15,5,114,4,60033,187.08286930000003,0,0,0,0,0,6,85789.7012195122,0.0,17500.0,xgb
58986146,5,1250.0,3,93000.0,2,15,7,111,5,350062,244.94897430000003,0,0,0,0,5,5,85789.7012195122,229862.4,200500.0,xgb
54989788,4,1277.0,1,162000.0,2,8,5,85,5,151304,212.1320344,1,0,0,30,34,10,11000.0,6069.6,14010.0,xgb
54983895,5,1223.0,3,59000.0,2,15,5,112,4,510101,200.0,0,0,0,0,6,10,60500.0,21882.0,18735.0,xgb
59004688,4,1252.0,1,360000.0,2,8,9,110,4,151300,1.0,0,0,0,0,22,1,85789.7012195122,0.0,325500.0,xgb
54991534,4,1338.0,3,133000.0,1,8,5,80,3,151009,187.08286930000003,0,0,0,0,26,10,85789.7012195122,-7.2,2982.0,xgb
58994409,7,1228.0,3,67000.0,2,11,5,85,5,151009,1.0,0,1,0,33,12,10,85789.7012195122,3579.6,3613.0,xgb
58999868,4,1276.0,3,136000.0,2,8,5,113,4,60000,1.0,1,4,0,263,20,13,85789.7012195122,0.0,30400.0,xgb
58993789,7,1238.0,3,59000.0,2,11,9,112,5,60000,1.0,0,0,0,0,7,13,85789.7012195122,31332.0,40500.0,xgb
54984727,5,1312.0,1,167000.0,2,15,5,85,5,60058,1.0,0,0,0,0,1,1,85789.7012195122,0.0,232500.0,xgb
58997888,4,1352.0,3,175000.0,2,8,9,105,5,60004,219.089023,0,0,0,0,1,10,13200.0,0.0,25578.0,xgb
58996991,7,1198.0,3,63000.0,2,11,-1,93,5,72000,1.0,0,0,0,0,36,10,85789.7012195122,122828.4,112857.0,xgb
58990030,7,1326.0,3,96000.0,2,11,5,113,4,591001,1.0,0,0,0,0,9,10,149600.0,123636.0,151828.0,xgb
58993744,7,1370.0,3,394000.0,2,11,5,112,5,510009,445.0382006,0,0,0,0,1,1,85789.7012195122,0.0,219202.72592781534,xgb
59003779,4,1228.0,3,62000.0,2,8,5,110,5,60069,1.0,1,2,0,143,26,10,85789.7012195122,0.0,17437.0,xgb
58993767,7,1326.0,1,91000.0,1,11,9,106,4,450080,291.5475947,0,0,0,0,36,5,85789.7012195122,0.0,101388.0,xgb
59005598,4,1286.1657435613404,2,108000.0,2,8,-1,108,3,340000,184.7241186,0,0,0,0,1,6,85789.7012195122,0.0,13290.0,xgb
54986764,7,1304.0,1,111000.0,2,11,9,113,4,151300,1.0,0,0,0,0,7,10,93500.0,3598.8,5883.0,xgb
59005405,4,1300.0,1,139000.0,2,8,-1,95,5,72000,1.0,0,0,0,0,9,1,85789.7012195122,0.0,155500.0,xgb
58998351,4,1328.0,3,488000.0,2,8,9,114,4,60057,632.4555320000001,0,0,0,0,0,6,85789.7012195122,0.0,33400.0,xgb
58991395,7,1300.0,1,87000.0,2,11,5,85,5,151300,1.0,2,2,0,115,21,5,85789.7012195122,0.0,49608.0,xgb
59001138,4,1286.1657435613404,2,100000.0,2,8,9,99,5,71003,199.9749984,0,0,0,0,17,13,85789.7012195122,0.0,35400.0,xgb
58998054,4,1250.0,3,137000.0,2,8,5,90,5,72000,1.0,0,0,0,0,1,10,85789.7012195122,-121.2,601.0,xgb
59000639,4,1252.0,3,51000.0,2,8,-1,74,5,60041,1.0,0,0,0,0,10,10,45100.0,45703.2,41101.0,xgb
59002060,4,1280.0,3,96000.0,2,8,9,112,4,60062,1.0,0,0,0,0,1,6,85789.7012195122,0.0,18500.0,xgb
54988464,7,1286.1657435613404,2,255000.0,2,11,5,99,3,60058,223.6067977,0,0,0,0,21,10,115500.0,2547.6,20549.0,xgb
58987097,5,1248.0,3,98000.0,2,15,5,110,4,550003,178.8854382,0,0,0,0,24,10,79200.0,72806.4,69136.0,xgb
59004587,4,1265.0,1,120000.0,2,8,5,105,3,71000,1.0,1,0,0,6,34,10,85789.7012195122,0.0,11025.0,xgb
54990031,4,1276.0,3,90000.0,1,8,5,103,5,72049,173.20508080000002,0,0,0,0,34,10,85789.7012195122,3081.6,26500.0,xgb
58988646,7,1265.0,3,118000.0,2,11,5,106,5,450080,626.8971207000001,0,0,0,0,19,13,85789.7012195122,16956.0,47000.0,xgb
54983934,5,1223.0,3,54000.0,2,15,-1,112,4,450018,169.7056275,0,0,0,0,29,10,57200.0,15720.0,55218.0,xgb
58986751,5,1286.1657435613404,2,82000.0,2,15,5,106,5,60058,1.0,0,0,0,0,1,5,85789.7012195122,60000.0,50500.0,xgb
58989774,7,1282.0,1,80000.0,2,12,-1,111,5,60019,235.1148655,0,0,0,0,36,1,85789.7012195122,0.0,250500.0,xgb
58987375,5,1230.0,3,58000.0,2,15,-1,92,3,340020,122.4744871,0,0,0,0,5,6,85789.7012195122,14757.6,18950.0,xgb
54988214,7,1256.0,1,126000.0,2,11,9,102,3,350705,158.11388300000002,0,0,0,0,4,10,85789.7012195122,0.0,24960.0,xgb
58988044,5,1241.0,3,66000.0,2,15,9,115,3,350077,174.34448659999998,0,0,0,0,16,5,85789.7012195122,80787.6,100500.0,xgb
59003954,4,1322.0,1,104000.0,2,8,5,114,3,60019,212.1320344,0,0,0,0,11,5,85789.7012195122,0.0,650500.0,xgb
58990112,7,1290.0,1,99000.0,2,11,-1,110,5,450062,200.0,0,0,0,0,22,10,85789.7012195122,12445.2,25622.0,xgb
58987276,5,1286.1657435613404,3,50000.0,2,15,9,110,5,450080,194.9358869,0,0,0,0,36,10,244200.0,236642.4,849705.0,xgb
54983039,5,1234.0,3,82000.0,2,15,5,88,3,60014,1.0,2,1,0,49,3,10,85789.7012195122,517.2,973.0,xgb
59004100,4,1300.0,3,35000.0,2,8,5,111,3,60029,1.0,0,0,0,0,27,10,36300.0,14038.8,17265.0,xgb
58994149,7,1266.0,3,120000.0,1,11,9,110,3,60029,316.22776600000003,2,2,0,159,30,10,85789.7012195122,0.0,438110.0,xgb
59003949,4,1253.0,1,468000.0,2,8,5,81,5,60016,204.9390153,0,0,0,0,36,10,85789.7012195122,8440.8,144279.0,xgb
54984616,5,1286.1657435613404,2,102000.0,2,15,5,104,3,350055,184.3908891,0,0,0,0,5,10,48400.0,47584.8,40154.0,xgb
54983792,5,1212.0,3,125000.0,2,15,10,113,4,550005,187.08286930000003,0,0,0,0,36,10,46200.0,44461.2,41558.0,xgb
58997872,4,1306.0,3,91000.0,2,8,2,95,5,60091,1.0,0,0,0,0,5,10,16500.0,5718.0,15077.0,xgb
54988209,7,1306.0,3,93000.0,1,11,3,104,3,60032,200.0,0,0,0,0,1,13,85789.7012195122,0.0,56500.0,xgb
58990826,7,1286.1657435613404,2,118000.0,2,11,9,107,5,72000,187.08286930000003,0,0,0,0,19,10,134200.0,0.0,18427.0,xgb
58987961,5,1302.0,1,177000.0,2,15,9,80,3,371200,158.11388300000002,0,0,0,0,22,13,85789.7012195122,0.0,53000.0,xgb
58997757,4,1286.1657435613404,2,71000.0,2,8,9,90,5,72015,167.4962686,0,0,0,0,12,6,85789.7012195122,0.0,24500.0,xgb
58991823,7,1286.1657435613404,2,75000.0,2,11,9,111,4,151009,173.20508080000002,0,0,0,0,4,1,85789.7012195122,466297.2,399290.0,xgb
54986974,7,1276.0,3,122000.0,2,11,9,108,4,60018,1.0,0,0,0,0,34,10,27500.0,24915.6,27966.0,xgb
58988822,7,1252.0,3,240000.0,2,11,5,85,3,151300,194.9358869,0,0,0,0,25,5,85789.7012195122,0.0,105500.0,xgb
58987142,5,1310.0,1,500000.0,2,15,5,103,5,452306,244.94897430000003,0,0,0,0,8,10,85789.7012195122,0.0,13908.0,xgb
54991404,4,1278.0,1,201000.0,2,8,5,102,5,72000,1.0,0,0,0,0,25,10,183700.0,78993.6,89188.0,xgb
58991820,7,1274.0,3,183000.0,2,11,9,77,3,510084,692.820323,0,0,0,0,36,10,85789.7012195122,5358.0,35912.0,xgb
58982397,1,1294.0,1,500000.0,2,4,9,105,5,650005,1.0,1,0,0,30,34,10,85789.7012195122,0.0,40863.0,xgb
58998988,4,1240.0,3,103000.0,2,8,5,103,5,60036,244.94897430000003,0,0,0,0,6,10,119900.0,112590.0,110199.0,xgb
58989819,7,1300.0,3,500000.0,2,11,5,112,4,72000,1.0,0,0,0,0,34,10,85789.7012195122,45.6,219202.72592781534,xgb
58992481,7,1259.0,3,74000.0,2,11,5,95,5,60036,207.3185954,0,0,0,0,22,13,85789.7012195122,0.0,32741.0,xgb
59000129,4,1356.0,3,143000.0,2,8,5,107,5,60054,158.11388300000002,0,0,0,0,18,10,85789.7012195122,17408.4,29071.0,xgb
59004226,4,1286.1657435613404,2,38000.0,2,8,9,109,4,60028,158.11388300000002,0,0,0,0,13,10,85789.7012195122,21616.8,18514.0,xgb
59000942,4,1268.0,3,149000.0,2,8,5,106,3,72001,173.20508080000002,0,0,0,0,18,10,136400.0,144000.0,120500.0,xgb
58990724,7,1278.0,3,71000.0,2,11,1,111,3,60019,316.22776600000003,0,0,0,0,27,10,119900.0,2926.8,42549.0,xgb
54991585,4,1271.0,3,120000.0,2,8,5,89,3,60001,200.0,0,0,0,0,8,6,85789.7012195122,22500.0,56750.0,xgb
58988287,5,1307.0,1,39000.0,2,15,9,114,4,450016,160.44625269999997,0,0,0,0,12,10,85789.7012195122,22287.6,19073.0,xgb
58997449,4,1403.0,1,184000.0,2,8,-1,80,5,340017,187.08286930000003,0,0,0,0,32,2,85789.7012195122,686348.4,621244.0,xgb
54985862,7,1292.0,3,163000.0,2,11,5,109,5,60016,187.08286930000003,0,0,0,0,7,10,22000.0,0.0,17629.0,xgb
59002389,4,1286.1657435613404,2,105000.0,1,8,5,99,5,151300,186.7136846,0,0,0,0,12,1,85789.7012195122,319393.2,290500.0,xgb
54984671,5,1301.0,1,114000.0,2,15,5,106,3,351106,187.08286930000003,0,0,0,0,7,6,85789.7012195122,2078.4,10892.0,xgb
58988942,7,1325.0,1,80000.0,2,12,-1,82,3,60026,1.0,0,0,0,0,36,10,44000.0,0.0,219202.72592781534,xgb
59000209,4,1318.0,1,183000.0,2,8,5,90,5,60019,273.86127880000004,0,0,0,0,1,10,55000.0,0.0,44835.0,xgb
58998637,4,1288.0,3,113000.0,2,8,5,110,4,151300,1.0,0,0,0,0,1,7,85789.7012195122,803118.0,665765.0,xgb
58990663,7,1314.0,3,150000.0,2,11,10,113,4,60023,187.08286930000003,0,0,0,0,1,2,85789.7012195122,0.0,1000500.0,xgb
59004328,4,1214.0,3,99000.0,2,8,5,84,3,60017,173.20508080000002,0,0,0,0,12,10,108900.0,47114.4,57982.0,xgb
54991368,4,1271.0,3,99000.0,2,8,5,114,4,151300,232.8647676,0,0,0,0,30,10,85789.7012195122,26728.8,28209.0,xgb
59004141,4,1316.0,1,127000.0,2,8,-1,95,5,330013,1.0,0,0,0,0,1,10,85789.7012195122,0.0,219202.72592781534,xgb
59003249,4,1270.0,3,113000.0,2,8,5,110,5,60091,212.1320344,0,0,0,0,5,10,85789.7012195122,0.0,219202.72592781534,xgb
54985215,7,1206.0,3,76000.0,2,11,5,108,4,72000,173.20508080000002,0,0,0,0,24,10,85789.7012195122,4338.0,46980.0,xgb
58997607,4,1268.0,1,118000.0,2,8,-1,95,3,330006,1.0,0,0,0,0,1,13,85789.7012195122,0.0,36996.0,xgb
58992510,7,1271.0,3,85000.0,1,11,9,100,4,60052,158.11388300000002,0,0,0,0,3,10,85789.7012195122,36463.2,60104.0,xgb
54983046,5,1314.0,3,117000.0,2,15,5,109,5,60018,200.0,0,0,0,0,1,10,77000.0,4414.8,4178.0,xgb
59000510,4,1338.0,1,107000.0,2,8,9,82,5,151300,1.0,0,0,0,0,2,10,220000.0,0.0,219202.72592781534,xgb
54989781,4,1415.0,3,93000.0,2,8,5,113,4,151300,273.86127880000004,0,0,0,0,7,1,85789.7012195122,456098.4,406938.0,xgb
58993064,7,1320.0,1,145000.0,2,11,5,100,5,330012,1.0,0,0,0,0,2,10,85789.7012195122,0.0,1400.0,xgb
58990758,7,1284.0,3,106000.0,2,11,9,104,4,60036,1.0,0,0,0,0,28,10,85789.7012195122,7320.0,33063.0,xgb
58996069,7,1234.0,3,62000.0,2,11,3,88,3,450194,244.94897430000003,0,0,0,0,1,10,116600.0,684.0,1070.0,xgb
54991100,4,1292.0,3,195000.0,2,8,5,112,4,151300,1.0,0,0,0,0,21,10,85789.7012195122,6019.2,26975.0,xgb
54985261,7,1354.0,1,187000.0,2,11,-1,114,5,340018,207.3644135,0,0,0,0,11,10,85789.7012195122,0.0,95600.0,xgb
58984421,5,1290.0,3,86000.0,2,15,5,93,5,60033,1.0,0,0,0,0,14,1,85789.7012195122,0.0,450500.0,xgb
58991751,7,1308.0,3,123000.0,2,11,5,100,4,60014,200.0,0,0,0,0,7,10,91300.0,22771.2,51623.0,xgb
59002945,4,1260.0,3,74000.0,2,8,5,113,4,151300,1.0,0,0,0,0,2,0,85789.7012195122,117813.6,100500.0,xgb
54989545,4,1326.0,3,140000.0,2,8,5,100,5,60013,1.0,1,0,0,1,34,10,112200.0,80197.2,98528.0,xgb
54987215,7,1296.0,3,136000.0,2,11,5,115,4,71002,220.2271555,0,0,0,0,22,5,85789.7012195122,0.0,75500.0,xgb
54987053,7,1246.0,3,58000.0,2,11,5,85,5,60024,1.0,0,0,0,0,1,6,85789.7012195122,0.0,45500.0,xgb
58985693,5,1286.1657435613404,3,227000.0,2,15,-1,110,4,450080,183.0300522,0,0,0,0,13,10,44000.0,540.0,35218.0,xgb
58992134,7,1235.0,1,114000.0,2,11,-1,85,5,450088,1.0,0,0,0,0,1,10,85789.7012195122,0.0,119981.0,xgb
54985180,7,1216.0,3,63000.0,1,11,5,100,5,71000,212.1320344,0,0,0,0,12,10,85789.7012195122,963.6,49506.0,xgb
58989777,7,1274.0,1,240000.0,2,11,-1,104,5,350100,300.0,0,0,0,0,2,1,85789.7012195122,0.0,260500.0,xgb
58983845,5,1286.1657435613404,2,62000.0,1,15,5,111,4,151300,186.8742893,0,0,0,0,31,10,33000.0,0.0,31317.0,xgb
58991324,7,1246.0,3,58000.0,2,11,5,101,5,60058,200.0,0,0,0,0,6,6,85789.7012195122,30900.0,46850.0,xgb
58996671,7,1283.0,3,90000.0,2,11,5,85,5,60000,1.0,0,0,0,0,21,10,85789.7012195122,50146.8,45463.0,xgb
58997314,4,1406.0,1,208000.0,2,8,-1,112,5,340001,223.6067977,1,0,0,1,35,10,105600.0,20396.4,37503.0,xgb
58991607,7,1290.0,3,119000.0,2,11,9,85,3,151300,200.0,0,0,0,0,3,10,73700.0,10902.0,59469.0,xgb
59005680,4,1274.0,1,93000.0,1,8,5,100,3,60019,173.20508080000002,0,0,0,0,21,10,85789.7012195122,14052.0,44745.0,xgb
59005843,4,1230.0,1,71000.0,2,8,5,100,5,72001,1.0,0,0,0,0,22,10,60500.0,24877.2,33008.0,xgb
59001124,4,1240.0,3,85000.0,2,8,5,66,5,72000,1.0,0,0,0,0,10,13,85789.7012195122,0.0,20500.0,xgb
54985173,7,1246.0,3,68000.0,2,11,5,111,4,60091,200.0,0,0,0,0,35,10,85789.7012195122,18402.0,19720.0,xgb
58983108,5,1415.0,3,169000.0,2,15,5,81,5,72000,237.1708245,0,0,0,0,0,10,155100.0,0.0,1623.0,xgb
58994284,7,1214.0,3,81000.0,2,11,9,114,4,450012,204.9390153,0,0,0,0,7,6,85789.7012195122,21496.8,36334.0,xgb
59001626,4,1400.0,3,383000.0,1,8,5,100,5,60024,212.1320344,0,0,0,0,13,13,85789.7012195122,0.0,30500.0,xgb
59002429,4,1286.1657435613404,2,104000.0,2,8,5,108,5,151306,185.67444630000003,0,0,0,0,36,10,29700.0,29035.2,30626.0,xgb
58993710,7,1304.0,1,130000.0,2,11,5,111,4,450046,223.6067977,0,0,0,0,25,10,110000.0,64870.8,114279.0,xgb
59003358,4,1286.1657435613404,2,57000.0,2,8,-1,100,3,72000,194.1829035,0,0,0,0,4,10,49500.0,33427.2,40557.0,xgb
54985378,7,1204.0,3,76000.0,2,11,5,78,5,60005,173.20508080000002,0,0,0,0,35,5,85789.7012195122,0.0,150500.0,xgb
58982376,1,1410.0,1,300000.0,2,4,-1,64,5,340009,1.0,0,0,0,0,36,10,85789.7012195122,86.4,28503.0,xgb
54987320,7,1286.1657435613404,2,59000.0,2,11,5,108,4,450081,197.4031408,0,0,0,0,25,0,85789.7012195122,164227.2,240500.0,xgb
58986587,5,1241.0,3,54000.0,2,15,5,112,4,151300,1.0,0,0,0,0,20,5,85789.7012195122,0.0,50500.0,xgb
59004290,4,1258.0,3,113000.0,2,8,5,100,5,60014,1.0,0,0,0,0,14,10,125400.0,121910.4,107265.0,xgb
58985356,5,1252.0,3,124000.0,2,15,9,112,4,60091,200.0,0,0,0,0,8,10,94600.0,5044.8,60052.0,xgb
58984428,5,1304.0,3,140000.0,2,15,5,80,3,151300,187.08286930000003,0,0,0,0,20,10,85789.7012195122,-1.2,3082.0,xgb
54983342,5,1324.0,3,220000.0,2,15,5,78,5,60002,200.0,0,1,0,88,35,10,22000.0,130.8,6487.0,xgb
58984516,5,1372.0,3,82000.0,2,15,5,115,5,151300,1.0,0,0,0,0,31,5,85789.7012195122,0.0,35500.0,xgb
54991626,4,1286.1657435613404,2,92000.0,2,8,-1,107,4,350052,158.11388300000002,0,0,0,0,6,6,85789.7012195122,0.0,7500.0,xgb
58990836,7,1244.0,3,130000.0,2,11,5,98,5,450054,282.8427125,0,0,0,0,36,10,61600.0,10815.6,21728.0,xgb
59002460,4,1328.0,3,123000.0,1,8,5,99,3,151009,173.20508080000002,0,0,0,0,35,10,85789.7012195122,21846.0,48241.0,xgb
58997354,4,1328.0,3,148000.0,2,8,2,110,5,60064,1.0,1,0,0,21,24,10,85789.7012195122,-844.8,48111.0,xgb
54983279,5,1286.1657435613404,2,89000.0,2,15,2,87,3,60036,171.9098601,0,0,0,0,1,10,34100.0,673.2,1060.0,xgb
59001932,4,1238.0,3,104000.0,2,8,5,109,3,60047,173.20508080000002,8,1,0,243,6,19,85789.7012195122,0.0,150500.0,xgb
58995813,7,1230.0,3,57000.0,2,11,9,108,4,450015,170.29386369999995,0,0,0,0,3,6,85789.7012195122,6957.6,12100.0,xgb
54982530,5,1272.0,3,120000.0,1,15,5,110,5,72000,187.08286930000003,0,0,0,0,12,10,134200.0,673.2,24117.0,xgb
58991789,7,1304.0,3,63000.0,2,11,5,110,4,60095,223.6067977,0,0,0,0,9,10,85789.7012195122,4800.0,24835.0,xgb
58993402,7,1420.0,1,89000.0,2,11,5,110,3,350060,337.106808,0,0,0,0,26,13,85789.7012195122,0.0,40004.0,xgb
58985486,5,1298.0,3,149000.0,2,15,5,112,5,510069,222.5511177,0,0,0,0,11,10,85789.7012195122,56739.6,48776.0,xgb
58986566,5,1320.0,3,150000.0,2,15,9,108,5,361028,200.0,0,0,0,0,13,5,85789.7012195122,459561.6,500500.0,xgb
54986687,7,1342.0,3,112000.0,2,11,8,83,5,60090,1.0,0,0,0,0,36,10,85789.7012195122,77310.0,74505.0,xgb
59000764,4,1270.0,3,107000.0,1,8,9,81,3,60040,173.20508080000002,0,0,0,0,5,10,99000.0,40339.2,89151.0,xgb
58985542,5,1272.0,3,108000.0,2,15,5,113,4,450015,200.0,0,0,0,0,29,5,85789.7012195122,19903.2,52500.0,xgb
58993563,7,1240.0,1,78000.0,2,11,-1,97,3,371301,200.0,0,0,0,0,30,5,85789.7012195122,0.0,56000.0,xgb
58991922,7,1366.0,1,150000.0,2,12,-1,110,5,350012,1.0,0,0,0,0,36,10,85789.7012195122,6126.0,90186.0,xgb
58983482,5,1367.0,3,127000.0,2,15,5,101,5,60054,223.6067977,0,0,0,0,1,10,77000.0,0.0,98290.0,xgb
54991474,4,1256.0,1,129000.0,2,8,9,110,5,60042,1.0,0,0,0,0,1,10,36300.0,0.0,219202.72592781534,xgb
54984606,5,1205.0,3,61000.0,2,15,5,76,5,60069,1.0,0,0,0,0,34,5,85789.7012195122,24770.4,50500.0,xgb
58986069,5,1322.0,3,195000.0,2,15,9,95,5,60000,200.0,0,0,0,0,36,10,17600.0,0.0,7130.0,xgb
54989513,4,1304.0,1,257000.0,2,8,5,75,5,72000,212.1320344,0,0,0,0,7,10,85789.7012195122,0.0,2224.0,xgb
54984435,5,1248.0,1,286000.0,2,15,-1,112,4,450094,173.20508080000002,0,0,0,0,11,5,85789.7012195122,0.0,250500.0,xgb
54987763,7,1232.0,1,96000.0,2,11,9,88,5,151300,233.520877,0,0,0,0,2,10,118800.0,12508.8,12699.0,xgb
58992711,7,1306.0,3,84000.0,2,11,5,112,4,151306,173.20508080000002,0,0,0,0,1,10,110000.0,4102.8,3918.0,xgb
58996127,7,1266.0,1,165000.0,2,11,5,111,3,60084,1.0,0,0,0,0,2,6,85789.7012195122,16800.0,24500.0,xgb
59001201,4,1320.0,1,122000.0,2,8,5,103,5,60046,1.0,0,0,0,0,17,10,85789.7012195122,0.0,4918.0,xgb
54988080,7,1253.0,3,72000.0,2,11,9,112,3,330008,165.9759019,0,0,0,0,6,10,85789.7012195122,41330.4,34942.0,xgb
58986298,5,1286.1657435613404,2,116000.0,2,15,5,110,4,510037,214.8441295,0,0,0,0,10,6,85789.7012195122,2136.0,18300.0,xgb
54988422,7,1289.0,1,144000.0,2,11,5,100,3,71000,200.0,1,3,0,270,5,10,85789.7012195122,0.0,70270.0,xgb
54986897,7,1367.0,3,234000.0,2,11,5,113,5,591044,1.0,0,0,0,0,15,6,85789.7012195122,0.0,44400.0,xgb
59001188,4,1286.1657435613404,2,69000.0,2,8,-1,112,4,60048,166.0331292,0,0,0,0,28,10,115500.0,88164.0,110736.0,xgb
58999945,4,1194.0,3,63000.0,2,8,9,105,4,72001,223.6067977,1,0,0,6,25,10,85789.7012195122,14082.0,48976.0,xgb
58996294,7,1240.0,1,110000.0,2,11,5,80,3,60064,1.0,0,0,0,0,1,1,85789.7012195122,692930.4,470500.0,xgb
59000044,7,1286.1657435613404,2,51000.0,2,11,5,112,4,72015,170.29386369999995,0,0,0,0,31,13,85789.7012195122,0.0,50500.0,xgb
58996882,7,1234.0,3,59000.0,2,11,5,91,3,450052,387.2983346,0,0,0,0,7,10,88000.0,4034.4,76409.0,xgb
54991685,4,1304.0,1,35000.0,2,8,5,105,3,340019,181.6590212,0,0,0,0,9,10,85789.7012195122,8898.0,16151.0,xgb
58984992,5,1250.0,3,78000.0,2,15,5,82,5,350092,176.4256217,0,0,0,0,7,6,85789.7012195122,1800.0,15500.0,xgb
54989264,4,1343.0,3,110000.0,2,8,2,105,5,60043,1.0,0,0,0,0,8,6,85789.7012195122,2352.0,12300.0,xgb
58987963,5,1236.0,1,52000.0,2,15,5,112,4,550009,172.61517890000002,0,0,0,0,9,5,85789.7012195122,270132.0,254442.0,xgb
54983307,5,1270.0,1,180000.0,1,15,5,90,3,151009,173.20508080000002,0,0,0,0,3,1,85789.7012195122,473268.0,400500.0,xgb
58991580,7,1252.0,3,103000.0,1,11,5,102,5,60095,173.20508080000002,0,0,0,0,1,6,85789.7012195122,56160.0,52500.0,xgb
58989550,7,1283.0,3,67000.0,2,11,5,114,4,60026,200.0,0,0,0,0,1,10,23100.0,0.0,1623.0,xgb
54986113,7,1343.0,1,157000.0,2,11,-1,103,5,72000,1.0,0,0,0,0,36,10,85789.7012195122,0.0,27718.0,xgb
58984371,5,1264.0,3,126000.0,2,15,5,113,4,72000,1.0,0,0,0,0,7,10,85789.7012195122,1988.4,2157.0,xgb
58984798,5,1300.0,3,273000.0,2,15,2,108,5,72000,200.0,0,0,0,0,35,10,85789.7012195122,0.0,21634.0,xgb
58994019,7,1286.1657435613404,3,156000.0,2,11,5,84,5,450069,165.8312395,0,0,0,0,1,6,85789.7012195122,0.0,23000.0,xgb
58999019,4,1322.0,3,199000.0,2,8,5,111,4,72000,1.0,0,0,0,0,6,10,85789.7012195122,0.0,51267.0,xgb
54985110,7,1206.0,3,66000.0,2,11,5,104,5,60000,173.20508080000002,0,0,0,0,26,10,68200.0,1933.2,33894.0,xgb
58997840,4,1286.1657435613404,2,90000.0,2,8,5,113,4,151307,189.5837546,0,0,0,0,36,10,85789.7012195122,48116.4,41177.0,xgb
54987651,7,1250.0,3,102000.0,2,11,5,100,3,60050,1.0,0,0,0,0,2,5,85789.7012195122,175646.4,150500.0,xgb
58994324,7,1266.0,3,130000.0,2,11,9,100,5,60005,173.20508080000002,0,0,0,0,14,1,85789.7012195122,520804.8,516938.0,xgb
54982356,1,1391.0,1,1200000.0,2,5,-1,64,5,361026,1.0,0,0,0,0,16,27,85789.7012195122,0.0,600500.0,xgb
59004680,4,1370.0,1,273000.0,2,8,9,110,5,60015,1.0,0,0,0,0,9,6,85789.7012195122,0.0,25500.0,xgb
58984889,5,1306.0,3,130000.0,2,15,5,100,5,60016,1.0,0,0,0,0,36,10,85789.7012195122,0.0,42309.0,xgb
58994376,7,1444.0,3,162000.0,2,11,9,110,5,72014,328.16002189999995,0,0,0,0,8,10,85789.7012195122,0.0,797.0,xgb
58993739,7,1307.0,1,80000.0,2,11,5,95,5,60026,1.0,0,0,0,0,32,10,232100.0,726013.2,671325.0,xgb
58987491,5,1241.0,3,84000.0,2,15,5,87,3,60074,1.0,0,0,0,0,19,13,85789.7012195122,0.0,45500.0,xgb
58990576,7,1286.1657435613404,3,137000.0,2,11,-1,112,4,450080,213.541565,0,0,0,0,3,5,85789.7012195122,466923.6,395500.0,xgb
54984211,5,1312.0,3,134000.0,2,15,5,113,5,60015,1.0,0,0,0,0,2,10,214500.0,95928.0,98901.0,xgb
54988666,7,1262.0,1,94000.0,2,11,5,89,3,60018,187.08286930000003,4,0,0,57,32,10,85789.7012195122,12346.8,33815.0,xgb
58984182,5,1286.0,3,92000.0,1,15,5,81,3,60018,200.0,0,0,0,0,35,10,85789.7012195122,0.0,16523.0,xgb
54985569,7,1280.0,1,93000.0,2,11,-1,110,4,550000,181.6590212,0,0,0,0,24,0,85789.7012195122,77950.8,110500.0,xgb
58985063,5,1216.0,3,94000.0,2,15,-1,86,5,550088,223.6067977,0,0,0,0,26,10,85789.7012195122,4054.8,3879.0,xgb
58985964,5,1212.0,3,67000.0,2,15,9,110,5,60083,1.0,0,0,0,0,1,6,85789.7012195122,0.0,10600.0,xgb
58998876,4,1246.0,3,87000.0,2,8,5,112,5,60033,222.1328431,0,0,0,0,0,6,85789.7012195122,0.0,9500.0,xgb
58994117,7,1324.0,1,122000.0,2,11,5,86,3,151300,1.0,0,0,0,0,14,5,85789.7012195122,234730.8,247500.0,xgb
54988030,7,1278.0,3,131000.0,2,11,5,110,3,60001,1.0,0,0,0,0,22,10,13200.0,0.0,41660.0,xgb
59003330,4,1260.0,3,110000.0,2,8,5,109,4,151300,1.0,0,0,0,0,26,13,85789.7012195122,0.0,40500.0,xgb
58994035,7,1302.0,1,110000.0,2,11,5,108,4,151002,1.0,0,0,0,0,15,10,85789.7012195122,7546.8,33300.0,xgb
59000320,4,1214.0,3,62000.0,2,8,9,114,4,151300,1.0,0,0,0,0,18,10,85789.7012195122,27626.4,33664.0,xgb
58987511,5,1272.0,3,97000.0,2,15,8,105,5,72000,1.0,0,0,0,0,11,10,63800.0,8917.2,35306.0,xgb
58996247,7,1259.0,1,336000.0,2,11,9,112,4,60036,1.0,0,0,0,0,36,10,85789.7012195122,10016.4,246791.0,xgb
58999690,4,1214.0,3,81000.0,2,8,9,101,4,60040,1.0,0,0,0,0,14,10,99000.0,37208.4,32520.0,xgb
58984801,5,1265.0,1,90000.0,2,15,-1,110,5,450018,187.08286930000003,0,0,0,0,15,10,83600.0,59222.4,71760.0,xgb
54987227,7,1322.0,1,141000.0,2,11,5,84,3,60004,1.0,0,0,0,0,21,10,183150.0,5361.6,37473.0,xgb
59006139,6,1241.0,1,74000.0,2,6,-1,105,3,60027,200.0,0,0,0,0,3,10,59400.0,9432.0,18532.0,xgb
58994740,7,1286.1657435613404,2,77000.0,2,11,9,114,5,510000,159.69971819999998,0,0,0,0,36,5,85789.7012195122,0.0,50500.0,xgb
58988052,5,1294.0,1,169000.0,2,15,-1,106,5,450017,200.0,0,0,0,0,28,10,138600.0,20190.0,105655.0,xgb
54992564,7,1350.0,3,130000.0,1,11,5,97,5,60016,173.20508080000002,0,0,0,0,13,10,85789.7012195122,29559.6,25133.0,xgb
54985355,7,1342.0,3,183000.0,2,11,5,78,5,151300,246.6049472,0,0,0,0,0,5,85789.7012195122,0.0,100500.0,xgb
58993796,7,1397.0,1,131000.0,2,11,5,95,5,60001,1.0,0,0,0,0,36,10,85789.7012195122,154598.4,177694.0,xgb
58990958,7,1286.1657435613404,2,53000.0,2,11,5,105,4,151307,186.2229846,0,0,0,0,36,10,85789.7012195122,9890.4,47445.0,xgb
58998223,4,1241.0,3,50000.0,2,8,9,105,3,72000,255.4838547,1,0,0,15,35,10,104500.0,7.2,2529.0,xgb
58995904,7,1230.0,1,129000.0,2,11,5,88,3,60043,1.0,0,0,0,0,15,13,85789.7012195122,38494.8,68500.0,xgb
54985643,7,1286.1657435613404,3,203000.0,2,11,-1,107,4,450012,158.11388300000002,0,0,0,0,5,10,16500.0,12385.2,11759.0,xgb
58986053,5,1262.0,3,93000.0,2,15,9,86,5,151300,204.9390153,0,0,0,0,9,13,85789.7012195122,0.0,20500.0,xgb
58990626,7,1228.0,3,250000.0,2,11,9,100,5,60054,187.08286930000003,0,0,0,0,23,10,55000.0,134372.4,112477.0,xgb
54983719,5,1252.0,3,106000.0,2,15,5,83,5,350012,223.6067977,7,0,0,210,3,6,85789.7012195122,0.0,15500.0,xgb
58995803,7,1266.0,3,74000.0,2,11,5,105,4,60054,1.0,0,0,0,0,6,10,85789.7012195122,17432.4,39486.0,xgb
58982583,5,1278.0,3,143000.0,2,15,5,111,5,60017,1.0,0,0,0,0,4,1,85789.7012195122,0.0,98000.0,xgb
59001951,4,1288.0,1,112000.0,2,8,5,90,3,330015,1.0,0,0,0,0,18,10,27500.0,-36.0,8498.0,xgb
58985847,5,1286.1657435613404,2,35000.0,2,16,-1,113,4,527000,163.4258242,0,0,0,0,1,6,85789.7012195122,0.0,20500.0,xgb
58987926,5,1286.1657435613404,2,50000.0,2,15,5,108,4,450000,169.0,0,0,0,0,4,0,85789.7012195122,0.0,44300.0,xgb
59005254,4,1314.0,1,89000.0,2,8,-1,100,5,60017,1.0,0,0,0,0,5,10,85789.7012195122,2496.0,19187.0,xgb
58995727,7,1214.0,3,58000.0,2,11,5,112,4,71006,1.0,0,0,0,0,7,10,42900.0,18499.2,38338.0,xgb
54987088,7,1286.1657435613404,2,74000.0,2,11,9,85,5,60073,1.0,0,0,0,0,21,5,85789.7012195122,0.0,56500.0,xgb
59003701,4,1322.0,1,35000.0,2,8,-1,111,5,151307,1.0,0,0,0,0,11,10,85789.7012195122,867.6,26892.0,xgb
58988092,5,1270.0,1,114000.0,2,15,5,83,3,450058,141.4213562,0,0,0,0,7,5,85789.7012195122,211791.6,195500.0,xgb
58989278,7,1278.0,3,114000.0,2,11,9,112,1,60010,200.0,0,0,0,0,3,6,85789.7012195122,15994.8,30499.0,xgb
58984900,5,1192.0,3,53000.0,2,15,5,114,4,72000,187.08286930000003,0,0,0,0,9,10,85789.7012195122,8482.8,19699.0,xgb
54983799,5,1298.0,1,127000.0,2,15,-1,113,4,151300,1.0,0,0,0,0,35,5,85789.7012195122,0.0,100500.0,xgb
54992395,4,1286.1657435613404,2,91000.0,2,8,-1,107,3,60018,1.0,0,0,0,0,34,10,27500.0,34479.6,128298.0,xgb
59005852,4,1338.0,1,112000.0,2,8,5,90,3,330008,1.0,0,0,0,0,7,10,20900.0,1146.0,3523.0,xgb
58991432,7,1286.1657435613404,2,117000.0,2,11,-1,87,3,332720,1.0,0,0,0,0,15,13,85789.7012195122,0.0,40500.0,xgb
59002775,4,1301.0,3,144000.0,2,8,9,113,4,60001,212.1320344,0,0,0,0,8,10,85789.7012195122,1057.2,55220.0,xgb
59004856,4,1286.1657435613404,2,99000.0,2,8,5,90,3,60036,188.0664776,0,0,0,0,26,10,85789.7012195122,-121.2,3937.0,xgb
54987789,7,1289.0,3,130000.0,2,11,9,84,3,60019,1.0,0,0,0,0,17,10,92400.0,0.0,17353.0,xgb
58991130,7,1340.0,3,341000.0,2,11,5,112,5,72001,1.0,0,0,0,0,16,5,85789.7012195122,0.0,150500.0,xgb
59005995,6,1217.0,3,56000.0,2,6,-1,100,3,60091,1.0,0,0,0,0,4,10,42900.0,43974.0,38946.0,xgb
54985929,7,1286.1657435613404,2,73000.0,2,11,9,114,4,361000,153.39165559999998,5,0,0,145,26,1,85789.7012195122,358713.6,527500.0,xgb
58998256,4,1280.0,3,89000.0,2,8,5,85,3,151300,189.7366596,0,0,0,0,24,10,57200.0,0.0,7130.0,xgb
58999697,4,1290.0,3,140000.0,2,8,9,101,5,60063,1.0,1,2,11,3170,13,10,11000.0,0.0,556.0,xgb
58996823,7,1272.0,1,66000.0,2,11,5,105,5,60014,194.0850329,0,0,0,0,9,6,85789.7012195122,0.0,16750.0,xgb
54987316,7,1258.0,3,107000.0,2,11,5,113,4,450071,200.0,0,0,0,0,3,10,22000.0,21976.8,19800.0,xgb
58988923,7,1223.0,3,68000.0,1,11,5,84,5,60014,158.11388300000002,0,0,0,0,0,6,85789.7012195122,0.0,22000.0,xgb
58984708,5,1481.0,3,101000.0,2,15,5,100,5,60091,223.6067977,0,0,0,0,1,10,55000.0,0.0,219202.72592781534,xgb
58995289,7,1286.1657435613404,2,50000.0,2,11,5,113,4,450080,167.5649128,0,0,0,0,31,10,45100.0,10885.2,41263.0,xgb
58987186,5,1230.0,3,61000.0,2,15,5,109,4,60020,173.20508080000002,0,0,0,0,16,10,85789.7012195122,82473.6,105024.0,xgb
54985320,7,1367.0,1,80000.0,2,12,-1,112,5,60000,245.58501580000004,0,0,0,0,28,2,85789.7012195122,3192588.0,2760500.0,xgb
54989680,4,1214.0,3,118000.0,2,8,5,110,4,71000,223.6067977,0,0,0,0,1,10,85789.7012195122,0.0,18300.0,xgb
54986508,7,1310.0,1,169000.0,2,11,5,109,4,60058,316.22776600000003,0,0,0,0,8,1,85789.7012195122,498052.8,450500.0,xgb
54989370,4,1294.0,3,201000.0,2,8,9,113,5,72049,223.6067977,0,0,0,0,7,6,85789.7012195122,10012.8,33900.0,xgb
58991407,7,1302.0,1,92000.0,2,11,-1,105,4,591003,167.33200530000002,0,0,0,0,3,10,85789.7012195122,278464.8,244901.0,xgb
58989779,7,1350.0,3,176000.0,2,11,9,102,3,151004,1.0,0,0,0,0,2,6,85789.7012195122,42600.0,36000.0,xgb
59000211,4,1313.0,1,135000.0,2,8,5,75,5,60064,1.0,0,0,0,0,1,10,85789.7012195122,0.0,5805.0,xgb
59005880,4,1241.0,1,86000.0,1,8,5,104,3,72000,187.08286930000003,0,0,0,0,24,10,127600.0,3026.4,5328.0,xgb
58997555,4,1266.0,3,207000.0,2,9,5,100,1,71002,316.22776600000003,0,0,0,0,5,6,85789.7012195122,0.0,22490.0,xgb
58989298,7,1364.0,3,106000.0,2,11,5,86,3,510003,187.08286930000003,0,0,0,0,16,10,27500.0,4910.4,14684.0,xgb
58991722,7,1308.0,3,143000.0,2,11,5,100,3,151009,173.20508080000002,0,0,0,0,2,10,34100.0,0.0,28550.0,xgb
58998658,4,1312.0,1,169000.0,2,8,-1,112,5,72000,1.0,0,0,0,0,27,10,66000.0,5005.2,59096.0,xgb
59003950,4,1264.0,1,102000.0,2,8,9,103,3,60024,200.0,0,0,0,0,16,10,68200.0,7033.2,38590.0,xgb
58997904,4,1277.0,3,135000.0,2,8,5,84,5,60091,1.0,0,0,0,0,19,10,85789.7012195122,360.0,12603.0,xgb
58992009,7,1290.0,3,273000.0,2,11,9,113,3,60063,223.6067977,0,0,0,0,22,24,85789.7012195122,289431.6,500500.0,xgb
54987871,7,1226.0,3,64000.0,2,11,5,103,3,72000,1.0,0,0,0,0,11,6,85789.7012195122,0.0,25500.0,xgb
58987213,5,1229.0,3,46000.0,2,15,-1,111,4,450071,187.08286930000003,0,0,0,0,31,10,118800.0,122161.2,110210.0,xgb
58992592,7,1250.0,1,121000.0,2,11,-1,112,4,350091,212.1320344,0,0,0,0,6,10,85789.7012195122,-2.4,16698.0,xgb
58991241,7,1277.0,1,150000.0,2,11,5,95,5,60015,1.0,0,0,0,0,27,10,137500.0,89727.6,93055.0,xgb
58991914,7,1378.0,3,500000.0,2,11,2,89,5,350052,387.2983346,0,0,0,0,33,10,55000.0,0.0,1184.0,xgb
54988697,7,1288.0,1,88000.0,2,11,-1,113,4,71003,1.0,0,0,0,0,4,10,85789.7012195122,2127.6,6824.0,xgb
58994607,7,1378.0,3,78000.0,1,11,5,100,3,60017,173.20508080000002,0,0,0,0,11,2,85789.7012195122,2402809.2,2078500.0,xgb
54983353,5,1224.0,3,56000.0,2,15,5,113,4,151307,1.0,0,0,0,0,10,6,85789.7012195122,0.0,9700.0,xgb
58990273,7,1362.0,3,83000.0,2,11,9,100,4,151300,174.2067737,0,0,0,0,29,5,85789.7012195122,56042.4,150500.0,xgb
54983694,5,1330.0,3,195000.0,2,15,5,64,5,60065,1.0,0,0,0,0,19,10,11000.0,0.0,219202.72592781534,xgb
59002005,4,1240.0,3,68000.0,2,8,5,84,5,60052,1.0,0,0,0,0,8,10,106700.0,35824.8,96073.0,xgb
59003975,4,1364.0,1,200000.0,2,8,5,90,3,60022,212.1320344,0,0,0,0,1,10,182600.0,24327.6,20773.0,xgb
58990649,7,1223.0,3,78000.0,2,11,-1,75,5,450007,173.20508080000002,2,0,0,45,28,10,99000.0,86984.4,72987.0,xgb
59003267,4,1286.1657435613404,2,68000.0,2,8,9,114,4,151300,184.0190208,3,7,4,1217,21,5,85789.7012195122,0.0,100500.0,xgb
59003535,4,1286.1657435613404,2,139000.0,2,8,5,111,3,60036,1.0,0,0,0,0,1,0,85789.7012195122,14280.0,17500.0,xgb
54987715,7,1286.1657435613404,2,76000.0,2,11,-1,92,5,60000,1.0,0,0,0,0,6,10,85789.7012195122,1411.2,53106.0,xgb
54986045,7,1284.0,3,132000.0,2,11,5,104,5,60015,1.0,0,0,0,0,3,6,85789.7012195122,19490.4,32990.0,xgb
58984737,5,1292.0,3,130000.0,2,15,2,111,4,71000,173.20508080000002,0,0,0,0,9,6,85789.7012195122,0.0,37700.0,xgb
59005303,4,1310.0,1,167000.0,2,8,9,105,3,151300,320.1202899,0,0,0,0,8,2,85789.7012195122,1319217.6,1195445.0,xgb
58983893,5,1223.0,3,81000.0,2,15,9,112,4,60018,1.0,0,0,0,0,14,10,99000.0,29239.2,78912.0,xgb
54988306,7,1286.1657435613404,2,102000.0,2,11,5,101,5,450027,173.20508080000002,0,0,0,0,7,10,88000.0,3859.2,21100.0,xgb
58986723,7,1322.0,3,195000.0,1,11,5,104,5,71000,173.20508080000002,0,0,0,0,24,10,85789.7012195122,7143.6,34404.0,xgb
59004930,4,1212.0,3,73000.0,2,8,5,85,3,72001,1.0,0,0,0,0,35,10,85789.7012195122,32985.6,41200.0,xgb
54990128,4,1286.1657435613404,2,105000.0,2,8,9,110,5,72000,187.0561413,0,0,0,0,36,10,85789.7012195122,0.0,23135.0,xgb
54988614,7,1286.1657435613404,2,106000.0,2,11,-1,90,5,60033,1.0,0,0,0,0,1,6,85789.7012195122,0.0,23000.0,xgb
58984475,5,1286.1657435613404,3,154000.0,2,15,5,110,5,60036,212.1320344,0,0,0,0,4,10,124300.0,2.4,10218.0,xgb
58987530,5,1304.0,1,146000.0,2,15,5,90,3,350008,1.0,0,0,0,0,36,10,15400.0,-7.2,13608.0,xgb
59003155,4,1340.0,3,116000.0,2,8,9,104,5,72000,1.0,0,0,0,0,4,5,85789.7012195122,146394.0,118900.0,xgb
58989284,7,1248.0,3,146000.0,2,11,10,105,5,350704,339.9441131,0,0,16,6400,1,5,85789.7012195122,0.0,60500.0,xgb
59004991,4,1232.0,1,68000.0,2,8,5,75,4,72001,1.0,0,0,0,0,32,10,24200.0,7938.0,24416.0,xgb
58990200,7,1268.0,3,101000.0,2,11,4,108,5,450032,200.0,0,0,0,0,12,10,85789.7012195122,11978.4,43207.0,xgb
58988956,7,1148.0,3,106000.0,2,11,5,94,5,450071,212.1320344,0,0,0,0,3,6,85789.7012195122,16800.0,20500.0,xgb
59004284,4,1316.0,1,143000.0,2,8,5,77,3,60061,1.0,0,0,0,0,12,10,85789.7012195122,919.2,16283.0,xgb
59004779,4,1277.0,1,113000.0,2,8,-1,100,3,341759,207.17384,2,2,0,195,2,10,38500.0,0.0,7891.0,xgb
59003842,4,1240.0,1,72000.0,1,8,5,89,5,60084,173.20508080000002,0,0,0,0,20,10,85789.7012195122,7993.2,29146.0,xgb
54983229,5,1310.0,3,270000.0,2,15,5,115,4,60019,299.9533297,0,0,0,0,3,10,85789.7012195122,67358.4,76136.0,xgb
58985599,5,1306.0,3,129000.0,2,15,5,95,3,60061,223.6067977,0,0,0,0,35,10,85789.7012195122,48208.8,40674.0,xgb
59005290,4,1320.0,1,138000.0,2,8,9,108,3,60000,212.407627,0,0,0,0,5,10,85789.7012195122,0.0,1731.0,xgb
59004654,4,1352.0,1,168000.0,2,8,5,105,3,60017,223.6067977,0,0,0,0,26,1,85789.7012195122,166660.8,450500.0,xgb
58987349,5,1248.0,3,106000.0,2,15,5,85,3,151300,1.0,0,0,0,0,11,13,85789.7012195122,0.0,49500.0,xgb
58986215,5,1250.0,1,167000.0,2,15,-1,90,5,450080,141.4213562,0,0,0,0,12,6,85789.7012195122,0.0,14100.0,xgb
58984589,5,1232.0,3,89000.0,2,15,9,112,4,72000,200.0,0,0,0,0,11,10,85789.7012195122,0.0,9272.0,xgb
54984577,5,1312.0,1,91000.0,1,15,7,113,4,151306,1.0,0,0,0,0,2,10,174900.0,153999.6,128833.0,xgb
59004000,4,1214.0,3,82000.0,1,8,5,100,5,60019,167.33200530000002,0,0,0,0,23,10,85789.7012195122,21595.2,25967.0,xgb
58986623,5,1278.0,1,98000.0,2,15,-1,82,5,450033,173.20508080000002,0,0,0,0,10,1,85789.7012195122,0.0,21752.0,xgb
54988132,7,1314.0,1,127000.0,2,11,9,110,3,60008,1.0,0,0,0,0,26,0,85789.7012195122,265105.2,350500.0,xgb
54983623,5,1354.0,3,143000.0,2,15,5,110,4,60007,1.0,0,0,0,0,9,5,85789.7012195122,372304.8,350500.0,xgb
54984476,5,1259.0,3,80000.0,2,15,5,112,3,350000,223.6067977,1,0,0,29,30,5,85789.7012195122,8554.8,100500.0,xgb
59003000,4,1294.0,1,149000.0,2,8,-1,96,3,60023,1.0,0,0,0,0,4,10,85789.7012195122,0.0,1529.0,xgb
58991973,7,1298.0,1,71000.0,2,11,-1,113,4,72000,1.0,0,0,0,0,3,10,85789.7012195122,0.0,22132.0,xgb
59000414,4,1356.0,1,220000.0,2,8,5,107,4,151011,1.0,0,0,0,0,3,10,185900.0,68722.8,127651.0,xgb
58990951,7,1379.0,3,144000.0,2,11,5,113,4,151008,200.0,0,0,0,0,10,2,85789.7012195122,0.0,1532808.0,xgb
58999555,4,1283.0,3,94000.0,2,8,9,64,5,60017,1.0,0,0,0,0,21,10,106700.0,4873.2,22200.0,xgb
58986188,5,1314.0,1,119000.0,2,15,-1,75,5,450063,194.9358869,0,0,0,0,4,10,38500.0,0.0,35210.0,xgb
59002872,4,1307.0,1,133000.0,2,8,5,110,3,60043,1.0,0,0,0,0,1,10,85789.7012195122,0.0,112377.0,xgb
59002145,4,1358.0,3,162000.0,2,8,5,110,4,72001,1.0,0,0,0,0,36,13,85789.7012195122,0.0,40500.0,xgb
58991802,7,1326.0,1,141000.0,2,11,-1,67,5,60007,1.0,0,0,0,0,36,1,85789.7012195122,0.0,40500.0,xgb
58983730,5,1444.0,3,155000.0,1,15,5,104,5,60000,254.9509757,0,0,0,0,34,2,85789.7012195122,332767.2,600500.0,xgb
54983292,5,1286.1657435613404,2,114000.0,2,15,5,110,4,72049,195.6910831,0,0,0,0,2,2,85789.7012195122,155492.4,1450500.0,xgb
58991249,7,1296.0,3,138000.0,1,11,5,100,5,60027,158.11388300000002,0,0,0,0,16,10,116600.0,4662.0,43032.0,xgb
59003965,4,1286.1657435613404,2,76000.0,2,8,9,113,4,60091,158.4077018,0,0,0,0,12,10,112200.0,494.4,34147.0,xgb
58995726,7,1290.0,1,161000.0,2,11,5,109,3,151300,1.0,0,0,0,0,9,10,85789.7012195122,19672.8,82041.0,xgb
58996494,7,1304.0,1,98000.0,2,11,5,113,4,151300,180.2775638,0,0,0,0,26,10,68200.0,0.0,18913.0,xgb
54989873,4,1241.0,3,105000.0,2,8,5,114,4,72000,243.8216561,0,0,33,29700,2,10,85789.7012195122,0.0,59190.0,xgb
58995451,7,1248.0,3,60000.0,2,11,5,90,3,60074,1.0,0,0,0,0,18,10,85789.7012195122,52965.6,46024.0,xgb
59003613,4,1286.1657435613404,2,81000.0,1,8,9,100,5,72000,200.4120755,0,0,0,0,1,13,85789.7012195122,0.0,31930.0,xgb
58991651,7,1268.0,3,107000.0,2,11,4,105,5,60091,1.0,0,0,0,0,1,0,85789.7012195122,0.0,150500.0,xgb
58996010,7,1276.0,3,136000.0,2,11,5,113,4,151304,1.0,0,0,0,0,3,5,85789.7012195122,0.0,100500.0,xgb
58983605,5,1350.0,1,237000.0,2,15,8,86,3,60085,223.6067977,0,0,0,0,6,10,85789.7012195122,0.0,114306.0,xgb
59002933,4,1286.1657435613404,2,97000.0,2,8,5,110,4,72001,196.3644571,0,0,0,0,1,10,27500.0,0.0,27627.0,xgb
58990756,7,1330.0,3,114000.0,2,11,5,76,5,60040,200.0,0,0,0,0,2,4,85789.7012195122,0.0,100500.0,xgb
58982806,5,1307.0,3,91000.0,2,15,5,110,5,60023,200.0,0,0,0,0,25,10,85789.7012195122,0.0,99612.0,xgb
58983865,5,1388.0,3,75000.0,2,15,5,113,5,450027,222.2970985,0,0,0,0,7,5,85789.7012195122,0.0,106550.0,xgb
58998989,4,1214.0,3,51000.0,2,8,5,104,5,151300,173.20508080000002,0,0,0,0,9,10,75900.0,65346.0,65023.0,xgb
58989132,7,1319.0,3,88000.0,2,11,5,114,4,151300,228.4513077,0,0,0,0,1,10,102300.0,42316.8,35763.0,xgb
58992457,7,1284.0,3,144000.0,2,11,4,96,3,71002,1.0,0,0,0,0,21,10,85789.7012195122,-48.0,15693.0,xgb
58998809,4,1278.0,3,186000.0,2,8,5,100,5,72000,173.20508080000002,1,2,0,125,33,10,85789.7012195122,0.0,25066.0,xgb
54985748,7,1318.0,3,264000.0,2,11,5,83,5,72000,1.0,0,0,0,0,18,10,85789.7012195122,-120.0,26056.0,xgb
59004373,4,1288.0,1,139000.0,2,8,5,100,3,60030,244.94897430000003,0,0,0,0,36,10,85789.7012195122,13604.4,20424.0,xgb
54986944,7,1266.0,1,109000.0,2,11,3,107,3,330021,1.0,0,0,0,0,1,10,85789.7012195122,0.0,39957.0,xgb
59004621,4,1288.0,3,110000.0,2,8,9,80,5,151300,1.0,0,0,0,0,2,10,132000.0,3708.0,3590.0,xgb
54983822,5,1286.1657435613404,3,94000.0,2,15,5,113,4,60057,193.6362569,0,0,0,0,15,10,85789.7012195122,0.0,49318.0,xgb
59005871,4,1356.0,1,136000.0,2,8,5,74,3,72000,1.0,0,0,0,0,28,1,85789.7012195122,57177.6,250500.0,xgb
58990002,7,1277.0,3,101000.0,2,11,9,106,4,450050,200.0699878,0,0,0,0,8,6,85789.7012195122,0.0,19000.0,xgb
54989286,4,1270.0,3,162000.0,2,8,9,81,5,60019,1.0,0,0,0,0,23,10,148500.0,-601.2,58052.0,xgb
59002170,4,1256.0,3,141000.0,2,8,5,84,3,60031,223.6067977,0,0,0,0,12,6,85789.7012195122,3381.6,25990.0,xgb
54986705,7,1234.0,3,56000.0,2,11,5,80,5,60052,1.0,0,0,0,0,6,10,31900.0,6634.8,11473.0,xgb
58999985,7,1282.0,3,98000.0,2,11,9,114,4,60019,1.0,0,0,0,0,2,10,16500.0,0.0,219202.72592781534,xgb
59001863,4,1223.0,3,77000.0,2,8,9,111,5,72000,1.0,0,0,0,0,4,5,85789.7012195122,157639.2,141500.0,xgb
54984388,5,1276.0,3,112000.0,2,15,5,85,5,340022,158.11388300000002,0,0,0,0,34,10,11000.0,0.0,12074.0,xgb
58998029,4,1244.0,3,107000.0,2,8,5,112,5,60017,3.16227766,0,0,0,0,8,5,85789.7012195122,217981.2,211500.0,xgb
58997422,4,1248.0,3,50000.0,2,8,-1,100,3,332345,387.2983346,0,0,0,0,7,10,85789.7012195122,16321.2,40202.0,xgb
58983271,5,1116.0,3,214000.0,2,15,9,112,4,60019,200.0,1,0,0,1,27,10,260700.0,2544.0,32595.0,xgb
54989353,4,1260.0,3,143000.0,2,8,9,110,4,60016,202.4845673,0,0,0,0,22,10,85789.7012195122,11822.4,31368.0,xgb
54984524,5,1350.0,1,155000.0,2,15,8,104,5,60004,1.0,0,0,0,0,26,2,85789.7012195122,691203.6,750500.0,xgb
58985568,5,1364.0,3,142000.0,2,15,5,100,5,60044,1.0,0,0,0,0,36,10,110000.0,6792.0,40859.0,xgb
58993764,7,1277.0,3,98000.0,2,11,5,92,5,60036,1.0,0,0,0,0,5,6,85789.7012195122,12388.8,31480.0,xgb
59003649,4,1386.0,1,87000.0,2,8,5,105,4,60008,228.5432125,0,0,3,879,1,5,85789.7012195122,0.0,130500.0,xgb
58999582,4,1214.0,3,63000.0,2,8,-1,85,3,330014,1.0,0,0,0,0,1,10,85789.7012195122,0.0,37269.0,xgb
58998781,4,1382.0,3,76000.0,2,8,5,100,5,60018,173.20508080000002,0,0,0,0,6,10,40700.0,-34.8,14571.0,xgb
59002836,7,1264.0,3,120000.0,2,11,9,86,5,151300,1.0,0,0,0,0,2,10,35200.0,0.0,2017.0,xgb
59000930,4,1352.0,3,75000.0,2,8,9,105,5,151300,200.0,0,0,0,0,27,10,27500.0,0.0,219202.72592781534,xgb
58988263,5,1316.0,1,202000.0,2,15,5,105,5,450054,223.6067977,1,0,0,23,35,2,85789.7012195122,0.0,411940.0,xgb
58998105,4,1288.0,3,206000.0,2,8,9,102,3,72000,202.4845673,0,0,0,0,36,10,85789.7012195122,630.0,56648.0,xgb
54984987,5,1296.0,1,130000.0,2,15,5,110,3,361039,187.08286930000003,0,0,0,0,3,10,85789.7012195122,6975.6,6313.0,xgb
59002841,4,1286.1657435613404,2,113000.0,2,8,9,93,5,72001,211.8419222,0,0,0,0,1,10,100100.0,8298.0,7415.0,xgb
54990272,4,1230.0,3,85000.0,2,8,5,86,5,72000,1.0,0,0,0,0,28,10,85789.7012195122,30622.8,31848.0,xgb
59005275,4,1298.0,1,165000.0,2,8,9,90,3,72000,234.4504212,0,0,0,0,8,10,85789.7012195122,8906.4,11513.0,xgb
58998833,4,1316.0,3,107000.0,2,8,5,112,4,60006,173.20508080000002,0,0,0,0,31,10,57200.0,3622.8,31225.0,xgb
58999931,4,1338.0,3,165000.0,2,8,5,111,5,151300,288.09720580000004,0,0,0,0,36,10,85789.7012195122,2161.2,44411.0,xgb
58983905,5,1258.0,3,91000.0,2,15,5,94,5,60043,200.0,0,0,0,0,34,10,85789.7012195122,307.2,55725.0,xgb
54982463,5,1272.0,3,70000.0,2,15,5,113,5,60033,167.1227094,0,0,0,0,19,13,85789.7012195122,0.0,56500.0,xgb
58995231,7,1374.0,1,400000.0,2,12,-1,104,5,60000,492.6601263,0,0,0,0,2,10,88000.0,10436.4,9197.0,xgb
54987487,7,1304.0,3,135000.0,2,11,5,90,3,550109,282.8427125,0,0,0,0,6,5,85789.7012195122,287163.6,252500.0,xgb
54987401,7,1325.0,1,50000.0,2,12,-1,105,5,350012,225.2287726,0,0,0,0,6,10,85789.7012195122,0.0,219202.72592781534,xgb
54985977,7,1346.0,1,112000.0,2,11,5,85,5,60064,200.0,0,0,0,0,35,10,85789.7012195122,7118.4,38522.0,xgb
58996500,7,1328.0,1,189000.0,2,11,9,85,5,60019,1.0,0,0,0,0,19,10,159500.0,36013.2,110248.0,xgb
59000958,4,1262.0,1,360000.0,2,8,-1,113,4,151300,200.0,1,0,0,30,3,10,48400.0,-34.8,1077.0,xgb
58990897,7,1310.0,3,128000.0,2,11,9,105,5,60052,223.6067977,0,0,0,0,36,10,85789.7012195122,3860.4,102036.0,xgb
58983291,5,1304.0,3,390000.0,2,15,5,91,5,60050,1.0,0,0,0,0,20,10,85789.7012195122,0.0,219202.72592781534,xgb
58991389,7,1366.0,3,84000.0,2,11,5,100,3,60023,1.0,0,0,0,0,1,6,85789.7012195122,0.0,40851.0,xgb
59004658,4,1258.0,3,105000.0,2,8,5,73,3,151009,1.0,0,0,0,0,6,10,55000.0,20966.4,17972.0,xgb
58989402,7,1325.0,1,195000.0,2,11,5,109,5,350703,221.3594362,0,0,0,0,1,10,85789.7012195122,-2.4,13300.0,xgb
54986274,7,1262.0,3,106000.0,2,11,9,109,4,450002,173.20508080000002,0,0,0,0,6,10,62700.0,50032.8,66251.0,xgb
54989469,4,1190.0,3,128000.0,2,8,5,105,5,72000,1.0,0,0,0,0,29,10,85789.7012195122,4694.4,75862.0,xgb
59002087,4,1288.0,3,127000.0,2,8,5,111,3,60059,200.0,0,0,0,0,1,10,105600.0,7202.4,6501.0,xgb
59004333,4,1300.0,1,157000.0,2,8,5,113,3,151300,158.11388300000002,5,0,0,137,31,10,85789.7012195122,19478.4,25880.0,xgb
54982727,5,1306.0,3,157000.0,2,15,9,111,5,71000,249.7999199,0,0,0,0,7,7,85789.7012195122,0.0,216500.0,xgb
54984830,5,1316.0,3,15000.0,2,15,5,114,4,510036,206.9130252,0,0,0,0,26,10,85789.7012195122,127520.4,106767.0,xgb
59005099,4,1304.0,1,100000.0,2,8,-1,113,3,350098,158.11388300000002,0,0,0,0,9,10,85789.7012195122,115.2,48986.0,xgb
58987900,5,1248.0,1,81000.0,2,15,9,79,3,450033,187.08286930000003,0,0,0,0,23,10,85789.7012195122,6760.8,35516.0,xgb
58993847,7,1262.0,3,172000.0,2,11,9,112,4,72000,262.11066370000003,0,0,0,0,5,1,85789.7012195122,574748.4,507500.0,xgb
59004757,4,1278.0,1,103000.0,2,8,5,90,5,60074,202.654879,4,0,0,58,29,10,85789.7012195122,60328.8,80349.0,xgb
58998166,4,1355.0,3,177000.0,2,8,5,87,5,151101,1.0,1,2,3,509,9,0,85789.7012195122,0.0,6019.0,xgb
54987865,7,1313.0,1,113000.0,2,11,5,107,5,60002,1.0,0,0,0,0,13,6,85789.7012195122,0.0,22937.0,xgb
58983272,5,1296.0,3,148000.0,2,15,5,100,4,60023,187.08286930000003,0,0,0,0,27,10,85789.7012195122,1064.4,38089.0,xgb
54992131,4,1214.0,3,68000.0,2,8,9,110,5,60091,1.0,0,0,0,0,3,10,99000.0,11924.4,10437.0,xgb
58991194,7,1247.0,3,71000.0,1,11,9,95,4,60026,200.7560709,0,0,0,0,16,10,85789.7012195122,0.0,219202.72592781534,xgb
54987083,7,1246.0,3,110000.0,2,11,5,100,4,71000,1.0,0,0,0,0,23,10,136400.0,356721.6,297768.0,xgb
58993369,7,1308.0,1,134000.0,2,11,5,95,5,151009,1.0,0,0,0,0,27,10,85789.7012195122,1434.0,32552.0,xgb
59001751,4,1346.0,1,102000.0,2,8,-1,100,5,60095,200.0,0,0,0,0,2,10,108900.0,6094.8,101068.0,xgb
59004349,7,1277.0,1,119000.0,1,11,5,105,3,72000,217.4741364,0,0,0,0,6,10,180400.0,28890.0,64187.0,xgb
58993039,7,1286.0,1,86000.0,2,11,-1,95,5,72000,1.0,0,0,0,0,18,5,85789.7012195122,156374.4,180500.0,xgb
54990315,4,1235.0,3,84000.0,2,8,5,82,5,60044,1.0,0,0,0,0,2,13,85789.7012195122,0.0,30500.0,xgb
58984882,5,1290.0,1,106000.0,2,15,-1,112,3,450019,204.9390153,0,0,0,0,20,10,85789.7012195122,962.4,35214.0,xgb
54987936,7,1223.0,3,72000.0,2,11,-1,114,5,151300,167.33200530000002,0,0,0,0,2,10,85789.7012195122,0.0,1624.0,xgb
59005240,4,1253.0,1,97000.0,2,8,5,115,3,60034,1.0,0,0,0,0,2,5,85789.7012195122,0.0,100500.0,xgb
58986218,5,1192.0,3,61000.0,2,15,-1,111,4,72001,1.0,0,0,0,0,8,10,72600.0,18066.0,41836.0,xgb
58996551,7,1308.0,1,442000.0,2,11,9,106,4,151011,1.0,0,0,0,0,0,13,85789.7012195122,0.0,43500.0,xgb
58997112,7,1202.0,3,63000.0,2,11,-1,112,4,60057,1.0,1,0,0,27,13,5,85789.7012195122,119360.4,145500.0,xgb
58982606,5,1378.0,3,96000.0,2,15,5,87,5,60044,207.3644135,0,0,0,0,1,10,85789.7012195122,1242.0,1535.0,xgb
58992602,7,1368.0,3,390000.0,2,11,5,101,5,60024,173.20508080000002,0,0,0,0,11,10,85789.7012195122,-1.2,3655.0,xgb
54991669,4,1286.1657435613404,2,41000.0,2,8,5,110,3,60036,164.18587030000003,2,0,0,16,34,10,85789.7012195122,10850.4,27085.0,xgb
59006219,4,1286.1657435613404,2,111000.0,2,8,5,110,4,60091,220.8687393,1,0,0,28,35,10,33000.0,9956.4,22591.0,xgb
59001213,4,1296.0,1,127000.0,2,8,5,112,5,60032,1.0,0,0,0,0,25,13,85789.7012195122,0.0,44000.0,xgb
58989048,7,1298.0,3,182000.0,2,11,5,100,5,60001,244.94897430000003,0,0,0,0,11,6,85789.7012195122,0.0,36200.0,xgb
58997329,4,1286.1657435613404,2,65000.0,2,8,5,112,4,60015,191.8801709,0,0,0,0,8,10,85789.7012195122,0.0,219202.72592781534,xgb
59001031,4,1286.1657435613404,2,58000.0,2,8,5,100,5,151300,196.2141687,0,0,0,0,11,1,85789.7012195122,634750.8,609459.0,xgb
59004078,7,1258.0,1,84000.0,1,11,5,106,5,71000,173.20508080000002,0,0,0,0,14,10,85789.7012195122,-5109.6,12861.0,xgb
54988373,7,1295.0,1,116000.0,2,11,9,108,4,151300,1.0,0,0,0,0,11,10,66000.0,6195.6,7054.0,xgb
54986055,7,1238.0,3,66000.0,2,11,5,79,3,450017,214.4761059,0,0,34,28105,1,10,85789.7012195122,-133.2,15075.0,xgb
54984131,5,1244.0,3,57000.0,2,15,5,95,5,151300,173.20508080000002,0,0,0,0,21,10,56100.0,58819.2,51182.0,xgb
59004662,4,1242.0,3,158000.0,2,8,5,113,4,72000,200.0,0,0,0,0,2,10,247500.0,0.0,4219.0,xgb
58988021,5,1277.0,1,101000.0,2,15,5,111,4,60091,1.0,0,0,0,0,6,10,102300.0,7855.2,13676.0,xgb
58982387,1,1217.0,2,300000.0,2,4,-1,79,5,550007,1.0,0,0,0,0,11,6,85789.7012195122,0.0,298500.0,xgb
59003229,4,1286.1657435613404,2,46000.0,2,8,5,114,4,60000,173.7843491,0,0,0,0,16,10,85789.7012195122,9250.8,28568.0,xgb
54986826,7,1370.0,1,142000.0,2,11,9,113,4,72014,1.0,0,0,0,0,2,10,99935.0,85546.8,152798.0,xgb
58985654,5,1214.0,3,114000.0,2,15,5,90,5,60091,1.0,0,0,0,0,8,10,138600.0,131935.2,110446.0,xgb
59002553,4,1298.0,3,101000.0,2,8,9,105,3,60052,212.1320344,0,0,0,0,12,13,85789.7012195122,52392.0,90500.0,xgb
59002062,4,1320.0,1,123000.0,2,8,5,105,3,332444,1.0,0,0,0,0,14,13,85789.7012195122,25893.6,46500.0,xgb
54990331,4,1314.0,1,177000.0,2,8,-1,112,5,60000,200.0,0,0,0,0,36,10,85789.7012195122,4800.0,60499.0,xgb
58996654,7,1340.0,1,80000.0,2,11,5,110,4,71002,162.4869226,0,0,0,0,18,10,85789.7012195122,6235.2,31348.0,xgb
58994114,7,1376.0,3,142000.0,1,11,5,99,3,151300,223.6067977,0,0,0,0,4,10,187000.0,16760.4,33212.0,xgb
58999966,4,1271.0,3,118000.0,1,8,5,80,5,60017,282.8427125,0,0,0,0,36,10,85789.7012195122,0.0,1689.0,xgb
54983094,5,1334.0,3,102000.0,2,15,9,84,5,72000,200.0,0,0,0,0,16,10,85789.7012195122,3252.0,37899.0,xgb
58989720,7,1280.0,3,156000.0,1,11,5,96,5,72000,187.08286930000003,0,0,0,0,4,10,112200.0,-39.6,6616.0,xgb
58992450,7,1286.1657435613404,2,78000.0,2,11,9,84,3,60031,175.6331404,0,0,35,22884,1,10,85789.7012195122,0.0,55933.0,xgb
59000340,4,1313.0,3,98000.0,1,8,9,103,5,151300,173.20508080000002,0,0,0,0,11,10,55000.0,18315.6,50495.0,xgb
54983721,5,1475.0,3,96000.0,2,15,9,110,5,72001,1.0,0,0,0,0,1,10,99000.0,-45.6,1061.0,xgb
59000066,4,1286.1657435613404,2,259000.0,1,8,5,110,4,72000,200.0,0,0,0,0,36,10,85789.7012195122,2786.4,50144.0,xgb
58999963,4,1229.0,3,62000.0,2,8,5,84,5,60019,1.0,1,0,0,1,26,10,45100.0,-1.2,62677.0,xgb
58982563,5,1356.0,3,198000.0,2,15,5,90,5,71000,173.20508080000002,0,0,0,0,18,13,85789.7012195122,0.0,24000.0,xgb
58990289,7,1336.0,3,185000.0,2,11,5,100,5,351106,212.1320344,0,0,0,0,34,10,2750.0,0.0,831.0,xgb
58991753,7,1288.0,1,119000.0,2,11,5,85,5,60031,187.08286930000003,0,0,0,0,11,6,85789.7012195122,0.0,19000.0,xgb
59001304,4,1250.0,3,120000.0,2,8,5,91,5,60064,1.0,0,0,0,0,5,10,61600.0,8181.6,7465.0,xgb
58997773,4,1286.1657435613404,2,45000.0,2,8,5,111,4,151300,173.20508080000002,0,0,0,0,17,13,85789.7012195122,37148.4,56200.0,xgb
58991638,7,1259.0,3,86000.0,2,11,5,88,5,72000,223.6067977,0,0,0,0,33,10,85789.7012195122,70602.0,67842.0,xgb
54987747,7,1286.1657435613404,2,50000.0,1,11,5,100,4,60075,182.2086716,1,2,6,1009,26,10,85789.7012195122,0.0,39800.0,xgb
58986063,7,1266.0,3,86000.0,2,11,5,87,3,151000,200.0,0,0,0,0,33,10,85789.7012195122,12536.4,27841.0,xgb
58994510,7,1244.0,3,59000.0,2,11,5,79,3,60040,173.20508080000002,0,0,0,0,6,10,42900.0,44766.0,39451.0,xgb
59004394,4,1292.0,3,187000.0,2,8,-1,114,4,60019,273.0347963,0,0,0,0,30,10,85789.7012195122,0.0,219202.72592781534,xgb
58986997,5,1316.0,3,141000.0,2,15,5,99,4,550004,223.6067977,0,0,0,0,11,10,137500.0,111864.0,132492.0,xgb
59001818,4,1332.0,3,153000.0,2,8,5,112,4,72001,1.0,0,0,0,0,18,10,71500.0,56192.4,53437.0,xgb
59003191,4,1278.0,3,97000.0,2,8,5,100,3,72015,223.6067977,0,0,0,0,6,10,69300.0,-1.2,7858.0,xgb
58997580,4,1286.1657435613404,2,126000.0,2,8,-1,109,5,330012,1.0,0,0,0,0,11,10,111100.0,102517.2,99359.0,xgb
59000104,4,1290.0,1,118000.0,1,8,5,100,5,60023,141.4213562,0,0,0,0,36,10,85789.7012195122,9016.8,30357.0,xgb
58996064,7,1230.0,3,69000.0,1,11,9,72,5,151300,187.08286930000003,0,0,0,0,10,10,106700.0,113962.8,100642.0,xgb
59001893,4,1313.0,3,133000.0,2,8,5,80,5,60074,1.0,0,0,0,0,31,10,85789.7012195122,7191.6,34690.0,xgb
58985909,5,1256.0,3,128000.0,2,15,5,114,4,510065,167.33200530000002,0,0,0,0,5,1,85789.7012195122,52383.6,53500.0,xgb
54989065,4,1244.0,3,97000.0,2,8,5,99,5,60091,164.3167673,0,0,0,0,30,10,85789.7012195122,30586.8,26291.0,xgb
58984646,5,1240.0,3,78000.0,2,15,5,112,4,450015,214.4761059,0,0,0,0,14,10,85800.0,1234.8,79347.0,xgb
58986444,5,1319.0,3,15000.0,2,15,5,114,3,450069,158.11388300000002,0,0,0,0,27,10,92400.0,15520.8,87765.0,xgb
58989409,7,1232.0,3,100000.0,2,11,5,111,4,72000,204.9390153,0,0,0,0,24,10,61600.0,-172.8,59727.0,xgb
58988933,7,1277.0,3,50000.0,2,11,5,103,5,151301,198.0050504,0,0,0,0,29,10,85789.7012195122,5888.4,50418.0,xgb
58982672,5,1240.0,3,58000.0,2,15,5,107,5,60017,1.0,0,0,0,0,0,6,85789.7012195122,0.0,17010.0,xgb
54985214,7,1349.0,1,193000.0,2,11,5,100,5,350063,316.22776600000003,0,0,0,0,2,10,85789.7012195122,0.0,46281.0,xgb
58988432,7,1289.0,1,139000.0,2,11,-1,114,4,450033,214.4761059,0,0,0,0,15,5,85789.7012195122,0.0,200500.0,xgb
58990308,7,1307.0,3,195000.0,2,11,9,95,5,72003,200.0,0,0,0,0,36,10,85789.7012195122,0.0,34047.0,xgb
59005683,4,1286.1657435613404,2,75000.0,2,8,-1,107,3,151300,173.20508080000002,0,0,0,0,10,10,85789.7012195122,18624.0,37240.0,xgb
58994712,7,1288.0,1,135000.0,2,11,5,109,4,72000,1.0,0,0,0,0,1,10,101200.0,14290.8,12408.0,xgb
59000497,4,1258.0,3,88000.0,2,8,5,101,3,60018,200.0,0,0,0,0,10,10,85789.7012195122,18589.2,27623.0,xgb
54985473,7,1318.0,3,150000.0,2,11,5,112,5,450042,345.7947368,0,0,0,0,4,10,283800.0,3472.8,40470.0,xgb
58997856,4,1286.1657435613404,2,65000.0,2,8,9,112,5,72001,206.6615591,0,0,0,0,7,10,85789.7012195122,40681.2,29351.0,xgb
54986165,7,1308.0,1,110000.0,2,11,5,108,4,60004,1.0,0,0,0,0,31,10,85789.7012195122,754.8,20099.0,xgb
59001565,4,1302.0,3,143000.0,2,8,5,75,5,60014,1.0,0,0,0,0,7,10,121000.0,109609.2,118129.0,xgb
54989455,4,1288.0,3,107000.0,2,8,9,114,4,60043,200.0,0,0,0,0,13,10,85789.7012195122,673.2,20944.0,xgb
54991294,4,1256.0,3,101000.0,2,8,9,110,5,60084,1.0,0,0,0,0,12,6,85789.7012195122,0.0,57500.0,xgb
59003447,7,1226.0,3,90000.0,2,11,-1,106,5,450089,200.0,0,0,0,0,36,10,85789.7012195122,1971.6,90933.0,xgb
58986339,5,1241.0,1,78000.0,2,15,-1,77,5,450033,199.4993734,0,0,0,0,3,6,85789.7012195122,20580.0,25000.0,xgb
54986075,7,1246.0,3,81000.0,2,11,5,103,5,60014,1.0,2,0,0,18,11,10,70400.0,41290.8,51621.0,dt
59002746,4,1240.0,3,90000.0,2,8,5,100,3,60019,173.20508080000002,0,0,0,0,26,10,85789.7012195122,6981.6,26357.0,dt
58994340,7,1282.0,1,75000.0,2,11,5,87,5,72049,1.0,0,0,0,0,32,10,85789.7012195122,24554.4,27435.0,dt
58993992,7,1266.0,3,89000.0,2,11,5,89,3,60091,1.0,0,0,0,0,1,10,85789.7012195122,18000.0,15500.0,dt
58993621,7,1272.0,3,80000.0,2,11,9,86,4,60043,1.0,0,0,0,0,8,6,85789.7012195122,8638.8,24499.0,dt
54987857,7,1324.0,1,152000.0,2,11,5,98,5,151008,1.0,0,0,0,0,9,6,85789.7012195122,6240.0,26500.0,dt
58989333,7,1306.0,3,111000.0,2,11,9,113,4,72015,212.1320344,0,0,0,0,9,10,85789.7012195122,-5448.0,27355.0,dt
58989748,7,1200.0,3,110000.0,2,11,5,113,4,60034,249.69981980000003,1,0,0,1,9,10,110000.0,65830.8,78468.0,dt
58991614,7,1230.0,3,64000.0,2,11,3,82,5,60058,200.0,0,0,0,0,21,13,85789.7012195122,0.0,44500.0,dt
59004540,4,1286.1657435613404,2,34000.0,2,8,5,100,5,72049,163.29421299999998,0,0,0,0,6,10,85789.7012195122,0.0,1745.0,dt
59003268,4,1282.0,3,95000.0,1,8,5,93,5,60047,173.20508080000002,0,0,0,0,3,10,64900.0,32218.8,59369.0,dt
